Sector,ID,Departamento,Distrito ,Nombre Institucion,1º Grado,2º Grado,3º Grado,4º Grado,5º Grado,6º Grado,latitud aproximada,longitud aproximada
Oficial,11,Central,San Lorenzo,	ESCUELA BÁSICA N° 23 ESPAÑA,144,180,174,186,202,220,"25º20'23.293""S","57º30'42.298""W"
Oficial,10,Alto Paraná,Ciudad del Este,CENTRO REGIONAL DE EDUCACIÓN DOCTOR JOSÉ GASPAR RODRÍGUEZ DE FRANCIA,173,180,176,183,190,198,"25º31'19.741""S","54º36'41.983""W"
Oficial,11,Central,Ñemby,ESCUELA BÁSICA N° 25 CARLOS ANTONIO LÓPEZ,170,177,165,162,185,177,"25º23'41.53""S","57º32'50.402""W"
Oficial,11,Central,Itauguá,ESCUELA BÁSICA N° 707 ITAUGUÁ,175,164,153,151,162,145,"25º23'43.267""S","57º21'3.232""W"
Oficial,13,Amambay,Pedro Juan Caballero,ESCUELA BÁSICA N° 458 MARISCAL FRANCISCO SOLANO LÓPEZ - ANEXA AL CENTRO REGIONAL DE EDUCACIÓN DR. RAÚL PEÑA,141,143,157,168,157,150,"22º32'48.871""S","55º44'29.815""W"
Oficial,11,Central,Ypané,ESCUELA BÁSICA N° 90 PROFESOR MANUEL ANTONIO ENCISO,146,153,153,144,154,165,"25º27'10.741""S","57º30'30.59""W"
Oficial,11,Central,Capiatá,ESCUELA BÁSICA N° 88 ENRIQUE SOLER,113,145,140,158,173,168,"25º21'23.784""S","57º26'34.321""W"
Oficial,11,Central,Capiatá,ESCUELA BÁSICA N° 603 PDTE. JOHN F. KENNEDY,164,137,133,155,161,147,"25º24'39.68""S","57º29'1.078""W"
Oficial,5,Caaguazú,Dr. Juan Eulogio Estigarribia,ESCUELA BÁSICA N° 727 CRISTO REY,158,139,148,156,143,151,"25º22'29.547""S","55º42'14.703""W"
Oficial,11,Central,Luque,ESCUELA BÁSICA N° 26 GENERAL  JOSÉ ELIZARDO AQUINO,126,128,157,160,157,162,"25º16'15.602""S","57º29'27.723""W"
Oficial,11,Central,Ñemby,ESCUELA BÁSICA N° 1465 PAZ DEL CHACO,141,144,148,150,139,152,"25º25'38.693""S","57º31'57.411""W"
Oficial,10,Alto Paraná,Presidente Franco,ESCUELA BÁSICA N° 1513 JORGE RUBEN PEÑA,148,137,138,135,138,177,"25º33'26.975""S","54º39'34.654""W"
Oficial,13,Amambay,Pedro Juan Caballero,ESCUELA BÁSICA N° 1743 CERRO CORÁ,149,130,143,143,135,135,"22º33'46.739""S","55º44'32.476""W"
Oficial,7,Itapúa,Encarnación,CENTRO REGIONAL DE EDUCACIÓN GENERAL PATRICIO ESCOBAR,126,120,129,142,158,156,"27º20'7.330""S","55º51'58.313""W"
Oficial,11,Central,Limpio,ESCUELA BÁSICA N° 3220 SAN ISIDRO LABRADOR,132,144,140,145,146,123,"25º9'6.364""S","57º27'25.227""W"
Oficial,11,Central,San Lorenzo,CENTRO REGIONAL DE EDUCACIÓN SATURIO RÍOS - ESCUELA ANEXA FRANKLIN DELANO ROOSEVELT,124,134,137,141,139,135,"25º20'54.693""S","57º30'52.877""W"
Oficial,11,Central,Ñemby,ESCUELA BÁSICA N° 2960 MIGUEL ÁNGEL RODRÍGUEZ,121,135,122,135,153,139,"25º22'9.832""S","57º33'56.4""W"
Oficial,10,Alto Paraná,Ciudad del Este,ESCUELA BÁSICA N° 1632 AUGUSTO ROA BASTOS,110,130,124,144,146,144,"25º30'58.162""S","54º38'9.815""W"
Oficial,10,Alto Paraná,Ciudad del Este,ESCUELA BÁSICA N° 823 SOLDADO PARAGUAYO,122,115,131,150,139,140,"25º28'12.992""S","54º38'41.361""W"
Oficial,10,Alto Paraná,Ciudad del Este,ESCUELA BÁSICA N° 1633 ESPÍRITU SANTO,118,124,130,148,132,132,"25º32'10.417""S","54º37'47.233""W"
Oficial,13,Amambay,Pedro Juan Caballero,ESCUELA BÁSICA N° 4776 PROFESORA REBECA FORTUNATA ALÉN ROJAS,136,126,145,147,130,96,"22º33'56.279""S","55º44'34.14""W"
Oficial,11,Central,Limpio,ESCUELA BÁSICA N° 22 SAN JOSÉ,109,109,135,133,138,142,"25º9'51.704""S","57º28'30.911""W"
Oficial,7,Itapúa,Encarnación,ESCUELA BÁSICA N° 640 PROFESORA HILDA GÓMEZ CROSTA DE VILLALBA,124,125,116,122,133,130,"27º22'15.55""S","55º50'1.981""W"
Oficial,10,Alto Paraná,Presidente Franco,ESCUELA BÁSICA N° 1294 SAN PEDRO APÓSTOL,117,109,122,121,149,127,"25º33'6.222""S","54º36'48.254""W"
Oficial,11,Central,Areguá,ESCUELA BÁSICA N° 413 CARLOS ANTONIO LÓPEZ,130,103,127,115,135,127,"25º17'50.181""S","57º24'58.49""W"
Oficial,5,Caaguazú,Coronel Oviedo,ESCUELA BÁSICA N° 6017 DOCTOR PEDRO P. PEÑA,114,127,112,119,133,115,"25º27'34.309""S","56º26'55.942""W"
Oficial,10,Alto Paraná,Hernandarias,ESCUELA BÁSICA N° 1295 VIRGEN DEL ROSARIO,123,116,112,119,119,124,"25º24'33.779""S","54º37'47.669""W"
Oficial,3,Cordillera,Tobatí,ESCUELA BÁSICA N° 44 CAPITÁN PEDRO JUAN CABALLERO,113,120,129,124,114,109,"25º15'27.999""S","57º4'50.472""W"
Oficial,11,Central,Ñemby,ESCUELA BÁSICA N° 3388 SOLDADOS MÁRTIRES DEL 2 Y 3 DE FEBRERO,119,121,114,118,109,124,"25º22'59.071""S","57º33'17.014""W"
Oficial,11,Central,Limpio,ESCUELA BÁSICA N° 457 PROFESORA MAGNA DELIA MORÍNIGO DE MARTÍNEZ,114,123,126,106,125,110,"25º8'28.184""S","57º28'20.766""W"
Oficial,3,Cordillera,Caacupé,ESCUELA BÁSICA N° 40 TENIENTE JOSÉ MARÍA FARIÑA,105,103,104,144,113,106,"25º23'23.26""S","57º8'36.366""W"
Oficial,0,Capital,Asunción,ESCUELA BÁSICA N° 17 REPÚBLICA DEL PERÚ,98,102,112,135,119,108,"25º17'32.904""S","57º39'43.122""W"
Oficial,11,Central,Ñemby,ESCUELA BÁSICA N° 1466 DON BIENVENIDO OSORIO,116,120,128,112,120,65,"25º24'10.761""S","57º31'37.697""W"
Oficial,10,Alto Paraná,Minga Guazú,ESCUELA BÁSICA N° 2971 ROQUE GONZÁLEZ DE SANTA CRUZ,121,98,104,112,105,113,"25º30'1.985""S","54º44'18.51""W"
Oficial,11,Central,Capiatá,ESCUELA BÁSICA N° 81 MARÍA AUXILIADORA,102,91,123,102,121,109,"25º24'59.296""S","57º27'25.795""W"
Oficial,0,Capital,Asunción,ESCUELA BÁSICA N° 228 DELFÍN CHAMORRO,104,101,124,113,106,95,"25º18'58.333""S","57º38'30.731""W"
Oficial,11,Central,Villeta,ESCUELA BÁSICA N° 2064 ESTEBAN MEDINA,98,99,111,94,100,119,"25º31'13.636""S","57º33'23.832""W"
Oficial,7,Itapúa,Cambyretá,ESCUELA BÁSICA N° 4617 DIVINO NIÑO JESÚS,108,100,103,106,103,100,"27º17'29.761""S","55º48'51.749""W"
Oficial,0,Capital,Asunción,ESCUELA BÁSICA N° 1909 FRAY BARTOLOME DE LAS CASAS,110,107,112,112,90,88,"25º14'35.812""S","57º34'52.629""W"
Oficial,14,Canindeyú,Salto del Guairá,ESCUELA BÁSICA N° 411 CARLOS RICARDO MÉNDES CONCALVES,93,101,100,110,115,93,"24º3'48.975""S","54º18'17.447""W"
Oficial,7,Itapúa,Encarnación,ESCUELA BÁSICA N° 65 REPÚBLICA ARGENTINA,109,93,107,105,102,92,"27º21'16.958""S","55º51'8.762""W"
Oficial,11,Central,Itá,ESCUELA BÁSICA N° 302 JUAN E. O'LEARY,101,108,87,109,102,100,"25º30'37.035""S","57º21'48.855""W"
Oficial,8,Misiones,San Ignacio,ESCUELA BÁSICA N° 152 SAN ROQUE GONZÁLEZ DE SANTA CRUZ,91,95,115,101,103,99,"26º53'22.434""S","57º1'48.168""W"
Oficial,10,Alto Paraná,Hernandarias,ESCUELA BÁSICA N° 2411 MARISCAL FRANCISCO SOLANO LÓPEZ,101,96,99,112,101,94,"25º23'8.923""S","54º38'59.434""W"
Oficial,8,Misiones,Ayolas,ESCUELA BÁSICA N° 1915 AGUSTÍN PÍO BARRIOS,95,94,96,104,86,125,"27º23'5.265""S","56º50'30.81""W"
Oficial,0,Capital,Asunción,ESCUELA BÁSICA N° 8175 SAN FRANCISCO,79,117,88,112,107,96,"25º14'16.907""S","57º33'58.388""W"
Oficial,11,Central,San Lorenzo,ESCUELA BÁSICA N° 2121 INMACULADA CONCEPCIÓN,92,107,93,98,109,99,"25º22'58.015""S","57º30'11.351""W"
Oficial,11,Central,Itauguá,ESCUELA BÁSICA N° 408 AMADO BITTAR,99,96,106,102,99,85,"25º23'37.731""S","57º21'34.032""W"
Oficial,16,Boquerón,Loma Plata,ESCUELA BÁSICA N° 4606 HÉROES DEL CHACO,128,103,100,94,79,80,"22º23'52.013""S","59º50'5.997""W"
Oficial,11,Central,Julián Augusto Saldívar,ESCUELA BÁSICA N° 883 CORONEL FELIPE TOLEDO,103,95,98,96,103,85,"25º25'4.86""S","57º25'47.231""W"
Oficial,11,Central,San Lorenzo,ESCUELA BÁSICA N° 118 CORONEL LUIS CAMINOS,74,88,96,105,108,108,"25º20'51.356""S","57º30'21.452""W"
Oficial,11,Central,San Lorenzo,CENTRO REGIONAL DE EDUCACIÓN SATURIO RÍOS - ESCUELA ANEXA TOMASA FERREIRA DE MEZA,75,92,102,111,102,93,"25º20'41.908""S","57º31'4.736""W"
Oficial,11,Central,Itauguá,ESCUELA BÁSICA N° 606 ITAUGUÁ POTY,97,100,92,99,92,94,"25º22'36.841""S","57º23'52.303""W"
Oficial,10,Alto Paraná,Hernandarias,ESCUELA BÁSICA N° 273 ALVAR NÚÑEZ CABEZA DE VACA,100,103,91,101,90,87,"25º23'38.446""S","54º38'20.122""W"
Oficial,11,Central,Villeta,ESCUELA BÁSICA N° 427 AVAY,105,109,92,88,85,91,"25º30'21.279""S","57º30'57.829""W"
Oficial,11,Central,Luque,ESCUELA BÁSICA N° 110 CAPITÁN BERNARDINO CABALLERO ÁLVAREZ,77,101,92,97,97,105,"25º16'11.476""S","57º28'55.019""W"
Oficial,11,Central,Itauguá,ESCUELA BÁSICA N° 249 DON FRANCISCO RAMÓN CABRAL FERNÁNDEZ,100,94,91,114,86,80,"25º26'13.673""S","57º22'3.029""W"
Oficial,11,Central,Guarambaré,ESCUELA BÁSICA N° 91 MEDALLA MILAGROSA,107,75,99,82,86,113,"25º29'33.29""S","57º27'34.137""W"
Oficial,9,Paraguarí,Yaguarón,ESCUELA BÁSICA N° 704 DEFENSORES DEL CHACO,85,87,98,99,87,103,"25º33'31.676""S","57º17'9.48""W"
Oficial,10,Alto Paraná,Hernandarias,ESCUELA BÁSICA N° 4020 PRIMER GOBERNADOR,100,104,90,95,87,75,"25º22'51.57""S","54º39'17.618""W"
Oficial,11,Central,Luque,ESCUELA BÁSICA N° 3830 LEANDRO DIEGO SÁNCHEZ GRINSTEIN,88,89,80,104,98,87,"25º14'36.489""S","57º28'2.026""W"
Oficial,11,Central,Areguá,ESCUELA BÁSICA N° 86 DOMINGO MARTÍNEZ DE IRALA,101,78,95,97,86,83,"25º18'46.334""S","57º22'55.325""W"
Oficial,10,Alto Paraná,Ciudad del Este,ESCUELA BÁSICA N° 354 SAN BLAS,63,89,98,83,94,108,"25º30'56.265""S","54º36'40.872""W"
Oficial,11,Central,San Lorenzo,ESCUELA BÁSICA N° 276 MARISCAL JOSÉ FÉLIX ESTIGARRIBIA,76,93,84,94,99,88,"25º23'27.209""S","57º30'11.221""W"
Oficial,11,Central,Julián Augusto Saldívar,ESCUELA BÁSICA N° 848 SAN RAFAEL,87,97,101,72,87,89,"25º26'33.844""S","57º26'28.937""W"
Oficial,11,Central,Capiatá,ESCUELA BÁSICA N° 330 MARGARITA VEIA DE BIBOLINI,88,87,80,106,85,81,"25º23'16.502""S","57º28'17.014""W"
Oficial,11,Central,Luque,ESCUELA BÁSICA N° 859 HÉROES DE LA PATRIA,76,79,78,84,94,114,"25º16'15.257""S","57º30'9.937""W"
Oficial,11,Central,Capiatá,ESCUELA BÁSICA N° 2852 INMACULADA CONCEPCIÓN DE MARÍA,94,98,95,88,65,82,"25º22'15.219""S","57º25'37.756""W"
Oficial,9,Paraguarí,Yaguarón,ESCUELA BÁSICA N° 126 REPÚBLICA DE GUATEMALA,95,69,84,101,94,74,"25º33'57.965""S","57º17'14.954""W"
Oficial,15,Presidente Hayes,Villa Hayes,ESCUELA BÁSICA N° 4381 MUNICIPAL N° 3,93,73,100,104,80,61,"25º10'1.989""S","57º33'8.626""W"
Oficial,11,Central,Luque,ESCUELA BÁSICA N° 3782 PADRES UNIDOS,73,87,83,86,91,89,"25º17'12.705""S","57º27'29.477""W"
Oficial,8,Misiones,Ayolas,ESCUELA BÁSICA N° 1315 SAN ROQUE GONZÁLEZ DE SANTACRUZ,81,79,79,80,96,93,"27º23'9.197""S","56º49'35.462""W"
Oficial,11,Central,Ypacaraí,ESCUELA BÁSICA N° 82 REPÚBLICA DE HONDURAS,80,85,79,86,82,93,"25º24'11.471""S","57º17'9.587""W"
Oficial,10,Alto Paraná,Ciudad del Este,ESCUELA BÁSICA N° 2972 SAGRADA FAMILIA,74,81,92,69,87,94,"25º29'36.239""S","54º38'57.674""W"
Oficial,7,Itapúa,Encarnación,ESCUELA BÁSICA N° 3535 YACYRETÁ,77,95,79,96,80,70,"27º18'41.006""S","55º52'9.051""W"
Oficial,10,Alto Paraná,Ciudad del Este,ESCUELA BÁSICA N° 1189 SAGRADA FAMILIA,70,83,78,77,89,99,"25º31'48.692""S","54º37'27.928""W"
Oficial,10,Alto Paraná,Ciudad del Este,ESCUELA BÁSICA N° 2978 SANTA ANA,84,83,85,67,85,91,"25º29'0.504""S","54º40'1.124""W"
Oficial,11,Central,San Lorenzo,ESCUELA BÁSICA N° 819 DON JUAN PABLO ZARACHO FRANCO,74,87,80,93,73,79,"25º18'14.44""S","57º31'51.566""W"
Oficial,11,Central,San Antonio,ESCUELA BÁSICA N° 21 DOCTOR ENRIQUE LUZO PINHO,75,75,84,74,81,96,"25º24'49.079""S","57º34'33.868""W"
Oficial,11,Central,Capiatá,ESCUELA BÁSICA N° 2856 SAN ROQUE,82,87,82,77,78,79,"25º23'23.103""S","57º29'6.427""W"
Oficial,10,Alto Paraná,Hernandarias,ESCUELA BÁSICA N° 3911 DIVINA MISERICORDIA,78,66,73,86,96,86,"25º22'39.204""S","54º38'52.033""W"
Oficial,11,Central,Limpio,ESCUELA BÁSICA N° 1876 CAPITÁN FGTA. ROMUALDO NÚÑEZ,80,77,83,84,82,77,"25º8'52.907""S","57º29'45.94""W"
Oficial,1,Concepción,Horqueta,ESCUELA BÁSICA N° 519 ZAPADORES DEL CHACO,83,75,74,93,81,75,"23º21'10.751""S","57º2'59.942""W"
Oficial,11,Central,Julián Augusto Saldívar,ESCUELA BÁSICA N° 1994 DOCTOR RAÚL PEÑA,104,73,84,72,71,75,"25º24'14.614""S","57º26'58.71""W"
Oficial,7,Itapúa,Encarnación,CENTRO REGIONAL DE EDUCACIÓN GENERAL PATRICIO ESCOBAR - ESCUELA ANEXA CLEMENTINA IRRAZÁBAL,72,77,78,83,86,82,"27º20'19.260""S","55º51'54.771""W"
Oficial,13,Amambay,Pedro Juan Caballero,ESCUELA BÁSICA N° 7207 SANTO DOMINGO SAVIO,92,95,87,69,66,68,"22º34'8.057""S","55º45'42.026""W"
Oficial,11,Central,Capiatá,ESCUELA BÁSICA N° 1943 CARLOS ANTONIO RACHIT,86,76,85,70,93,64,"25º21'20.005""S","57º28'51.767""W"
Oficial,11,Central,Luque,ESCUELA BÁSICA N° 2375 DEFENSORES DEL CHACO,70,84,74,79,82,81,"25º13'54.552""S","57º28'32.39""W"
Oficial,11,Central,Villeta,ESCUELA BÁSICA N° 1132 NUESTRA SEÑORA DEL ROSARIO,66,73,72,81,83,95,"25º30'19.556""S","57º34'2.486""W"
Oficial,7,Itapúa,Cambyretá,ESCUELA BÁSICA N° 7309 JESÚS MISERICORDIOSO,88,92,90,103,45,51,"27º17'21.418""S","55º48'29.795""W"
Oficial,10,Alto Paraná,San Alberto,ESCUELA BÁSICA N° 3347 SAN ALBERTO MAGNO,78,73,84,91,70,70,"24º58'19.856""S","54º55'2.706""W"
Oficial,11,Central,Julián Augusto Saldívar,ESCUELA BÁSICA N° 2785 HÉROES DEL CHACO,63,73,83,82,85,80,"25º26'43.59""S","57º26'41.933""W"
Oficial,10,Alto Paraná,Minga Guazú,ESCUELA BÁSICA N° 6487 JARDÍN DEL ORIENTE,83,102,71,65,78,65,"25º28'34.576""S","54º43'53.227""W"
Oficial,11,Central,San Lorenzo,ESCUELA BÁSICA N° 599 GENERAL DE DIVISIÓN FRANCISCO CABALLERO ALVAREZ,68,56,78,100,83,78,"25º20'39.818""S","57º29'42.266""W"
Oficial,10,Alto Paraná,Ciudad del Este,ESCUELA BÁSICA N° 2977 8 DE DICIEMBRE,71,80,77,60,74,98,"25º32'13.348""S","54º39'12.34""W"
Oficial,11,Central,Lambaré,ESCUELA BÁSICA N° 1029 PROFESORA MARÍA DEL CARMEN MORALES DE ACHUCARRO,77,75,86,57,90,74,"25º21'36.085""S","57º35'52.06""W"
Oficial,11,Central,San Lorenzo,ESCUELA BÁSICA N° 598 DOMINGO SAVIO,69,82,83,74,67,83,"25º21'20.572""S","57º32'32.199""W"
Oficial,11,Central,Capiatá,ESCUELA BÁSICA N° 3279 SAN JOSÉ OBRERO,75,72,71,103,67,68,"25º21'43.708""S","57º25'29.667""W"
Oficial,11,Central,Ñemby,ESCUELA BÁSICA N° 5591 JESÚS MISERICORDIOSO,66,78,78,76,73,85,"25º24'52.477""S","57º30'59.183""W"
Oficial,11,Central,Itá,ESCUELA BÁSICA N° 89 REPÚBLICA DE COSTA RICA,68,67,82,87,85,65,"25º30'34.255""S","57º21'42.255""W"
Oficial,10,Alto Paraná,Dr. Juan León Mallorquín,ESCUELA BÁSICA N° 415 MARISCAL FRANCISCO SOLANO LÓPEZ,56,77,73,83,78,87,"25º25'38.714""S","55º15'32.876""W"
Oficial,3,Cordillera,Caacupé,ESCUELA BÁSICA N° 201 TENIENTE GABRIEL AQUINO,68,73,84,80,68,79,"25º23'1.507""S","57º8'40.707""W"
Oficial,15,Presidente Hayes,Villa Hayes,ESCUELA BÁSICA N° 1637 DEFENSORES DEL CHACO,67,75,93,81,63,73,"25º5'21.236""S","57º32'4.567""W"
Oficial,5,Caaguazú,Coronel Oviedo,ESCUELA BÁSICA N° 698 WENCESLAA ESCALADA,60,80,86,79,67,79,"25º26'27.519""S","56º26'17.328""W"
Oficial,5,Caaguazú,Dr. Juan Manuel Frutos,ESCUELA BÁSICA N° 966 MARISCAL FRANCISCO SOLANO LÓPEZ,71,70,66,75,84,85,"25º22'52.427""S","55º50'8.527""W"
Oficial,11,Central,Villa Elisa,ESCUELA BÁSICA N° 1988 MARÍA AUXILIADORA,54,88,63,53,95,98,"25º22'35.223""S","57º36'7.023""W"
Oficial,14,Canindeyú,Curuguaty,ESCUELA BÁSICA N° 396 GENERAL JOSÉ GERVASIO ARTIGAS,78,82,74,61,82,73,"24º28'31.619""S","55º41'23.612""W"
Oficial,11,Central,Capiatá,ESCUELA BÁSICA N° 3731 SAGRADO CORAZÓN DE JESÚS,70,65,77,77,84,76,"25º20'16.089""S","57º26'48.455""W"
Oficial,7,Itapúa,Encarnación,ESCUELA BÁSICA N° 4262 REASENTAMIENTO DE EXTRACENSALES DE YACYRETA,75,73,58,81,83,78,"27º16'25.866""S","55º55'42.053""W"
Oficial,11,Central,Itauguá,ESCUELA BÁSICA N° 3693 TEJEDORAS DE ÑANDUTÍ,86,70,79,80,77,55,"25º24'5.573""S","57º21'54.551""W"
Oficial,11,Central,Luque,ESCUELA BÁSICA N° 672 DON CARLOS ANTONIO LÓPEZ,71,78,89,74,78,54,"25º16'32.947""S","57º29'58.962""W"
Oficial,11,Central,Limpio,ESCUELA BÁSICA N° 4292 UNIÓN EUROPEA,86,88,64,59,71,75,"25º10'4.532""S","57º26'29.251""W"
Oficial,11,Central,Capiatá,ESCUELA BÁSICA N° 3366 JORGE ALBERTO ROJAS RAMÍREZ,71,82,72,86,74,57,"25º23'28.447""S","57º27'20.836""W"
Oficial,11,Central,San Antonio,ESCUELA BÁSICA N° 3222 CERRITO,55,83,72,79,72,78,"25º24'1.152""S","57º33'19.946""W"
Oficial,11,Central,Ñemby,ESCUELA BÁSICA N° 1463 DIVINO MAESTRO,67,78,78,62,84,69,"25º23'31.806""S","57º31'40.212""W"
Oficial,11,Central,Mariano Roque Alonso,ESCUELA BÁSICA N° 4734 DEFENSORES DEL CHACO,76,88,91,55,53,70,"25º13'16.872""S","57º32'55.245""W"
Oficial,11,Central,San Lorenzo,ESCUELA BÁSICA N° 697 SARGENTO CÁNDIDO SILVA,69,84,83,67,60,66,"25º19'9.103""S","57º30'24.21""W"
Oficial,10,Alto Paraná,Hernandarias,ESCUELA BÁSICA N° 729 SAN FRANCISCO DE ASÍS,84,76,66,81,46,76,"25º26'4.398""S","54º38'25.901""W"
Oficial,7,Itapúa,Encarnación,CENTRO REGIONAL DE EDUCACIÓN GENERAL PATRICIO ESCOBAR - ESCUELA ANEXA ALEMANA,70,73,65,72,68,79,"27º20'20.771""S","55º51'44.748""W"
Oficial,11,Central,Luque,ESCUELA BÁSICA N° 3539 SAN JOSÉ,69,66,68,79,73,69,"25º17'43.756""S","57º29'29.249""W"
Oficial,11,Central,Itá,ESCUELA BÁSICA N° 402 PROFESOR PORFIRIO CHAMORRO,64,89,74,76,56,62,"25º27'39.618""S","57º24'22.446""W"
Oficial,7,Itapúa,Encarnación,ESCUELA BÁSICA N° 572 JOHN FITZGERALD KENNEDY,}P+--,70,70,69,71,71,"27º18'45.64""S","55º52'51.861""W"
Oficial,11,Central,Luque,ESCUELA BÁSICA N° 539 HÉROES LUQUEÑOS,70,68,69,68,73,69,"25º15'44.633""S","57º26'15.141""W"
Oficial,11,Central,Luque,ESCUELA BÁSICA N° 2924 NÉSTOR ROMERO VALDOVINOS,58,81,60,72,70,75,"25º15'26.77""S","57º29'45.463""W"
Oficial,13,Amambay,Pedro Juan Caballero,ESCUELA BÁSICA N° 290 DEFENSORES DEL CHACO,84,90,27,62,65,86,"22º32'2.163""S","55º44'15.572""W"
Oficial,13,Amambay,Pedro Juan Caballero,ESCUELA BÁSICA N° 1301 MARISCAL JOSÉ FÉLIX ESTIGARRIBIA,73,84,81,66,59,51,"22º32'55.918""S","55º45'27.162""W"
Oficial,11,Central,Limpio,ESCUELA BÁSICA N° 311 OBREROS UNIDOS,69,70,59,80,76,59,"25º6'21.091""S","57º29'13.799""W"
Oficial,3,Cordillera,Emboscada,ESCUELA BÁSICA N° 169 ABRAHAM LINCOLN,85,80,70,75,43,59,"25º6'16.286""S","57º18'28.802""W"
Oficial,10,Alto Paraná,Ciudad del Este,ESCUELA BÁSICA N° 1533 CIUDAD NUEVA,70,65,53,73,79,72,"25º30'9.96""S","54º40'2.324""W"
Oficial,0,Capital,Asunción,ESCUELA BÁSICA N° 14716 MUNICIPAL MARANGATU RAPÉ,65,70,67,71,68,70,"25º14'23.137""S","57º34'51.818""W"
Oficial,11,Central,Limpio,ESCUELA BÁSICA N° 648 PROFESOR SIMEÓN RIVEROS,58,84,68,55,69,76,"25º11'57.447""S","57º27'52.2""W"
Oficial,11,Central,Fernando de la Mora,ESCUELA BÁSICA N° 824 REVERENDO PADRE LUCIANO CESTAC,67,69,79,80,60,50,"25º20'0.257""S","57º34'27.991""W"
Oficial,11,Central,Luque,ESCUELA BÁSICA N° 2655 VERGEL LUQUEÑO,75,63,61,89,64,53,"25º18'18.39""S","57º30'23.713""W"
Oficial,7,Itapúa,Cambyretá,ESCUELA BÁSICA N° 4006 SAN JUAN BAUTISTA,67,55,59,77,70,77,"27º20'53.66""S","55º49'31.468""W"
Oficial,10,Alto Paraná,Juan E. O'Leary,ESCUELA BÁSICA N° 351 LA RESIDENTA,79,77,65,64,48,71,"25º25'16.084""S","55º22'20.296""W"
Oficial,11,Central,Ypané,ESCUELA BÁSICA N° 5599 SAN PEDRO APÓSTOL,62,58,59,70,81,72,"25º27'37.474""S","57º30'8.751""W"
Oficial,0,Capital,Asunción,ESCUELA BÁSICA N° 281 DOCTOR LUIS ALBERTO DE HERRERA,53,64,69,59,83,72,"25º17'37.73""S","57º33'38.758""W"
Oficial,5,Caaguazú,Caaguazú,ESCUELA BÁSICA N° 3305 SANTA ISABEL,70,65,60,60,66,74,"25º27'14.511""S","56º1'59.3""W"
Oficial,11,Central,Itá,ESCUELA BÁSICA N° 982 SAN ISIDRO,61,69,77,66,57,64,"25º29'43.716""S","57º23'31.247""W"
Oficial,13,Amambay,Pedro Juan Caballero,ESCUELA BÁSICA N° 4777 AMISTAD II,69,79,48,69,58,71,"22º34'25.798""S","55º43'39.601""W"
Oficial,11,Central,Areguá,ESCUELA BÁSICA N° 3725 SAN JOSÉ,65,58,80,67,64,56,"25º19'58.014""S","57º24'22.189""W"
Oficial,11,Central,Luque,ESCUELA BÁSICA N° 199 SILVIO PETTIROSSI,51,57,66,72,76,67,"25º16'29.172""S","57º31'24.506""W"
Oficial,0,Capital,Asunción,ESCUELA BÁSICA N° 477 DOCTOR EDUARDO LÓPEZ MOREIRA,57,63,60,77,64,68,"25º18'4.298""S","57º33'2.188""W"
Oficial,11,Central,Areguá,ESCUELA BÁSICA N° 671 PROF. DR. CANTALICIO FRANCO TORRES,72,70,67,48,70,60,"25º19'58.812""S","57º25'13.811""W"
Oficial,5,Caaguazú,Caaguazú,ESCUELA BÁSICA N° 5027 PARAGUAY PYAHU,64,66,72,64,61,60,"25º28'23.813""S","56º0'40.751""W"
Oficial,11,Central,Itauguá,ESCUELA BÁSICA N° 1020 YVYRATY,55,77,64,68,52,69,"25º23'27.254""S","57º19'46.776""W"
Oficial,3,Cordillera,Piribebuy,ESCUELA BÁSICA N° 46 MAESTRO FERMÍN LÓPEZ,65,63,62,80,45,69,"25º27'58.684""S","57º2'42.478""W"
Oficial,11,Central,Mariano Roque Alonso,ESCUELA BÁSICA N° 1008 GENERAL BERNARDINO CABALLERO,72,66,68,64,54,59,"25º13'38.674""S","57º33'41.627""W"
Oficial,10,Alto Paraná,Minga Guazú,ESCUELA BÁSICA N° 6073 SANTA MÓNICA,50,67,59,71,66,67,"25º29'1.48""S","54º44'16.314""W"
Oficial,7,Itapúa,Fram,ESCUELA BÁSICA N° 271 DON CARLOS ANTONIO LÓPEZ,68,62,61,63,63,61,"27º5'47.345""S","56º1'4.286""W"
Oficial,10,Alto Paraná,Minga Guazú,ESCUELA BÁSICA N° 279 DOÑA DIONISIA ADELA SOSA DE FRANCO,57,58,68,54,63,78,"25º29'16.341""S","54º45'33.222""W"
Oficial,11,Central,Ypané,ESCUELA BÁSICA N° 6117 14 DE MAYO,73,65,56,61,57,66,"25º26'52.161""S","57º30'54.108""W"
Oficial,11,Central,San Antonio,ESCUELA BÁSICA N° 382 ACOSTA ÑU,57,65,71,62,67,55,"25º25'26.02""S","57º33'32.113""W"
Oficial,11,Central,San Lorenzo,ESCUELA BÁSICA N° 4210 ACOSTA ÑÚ,53,65,76,67,62,53,"25º23'3.365""S","57º31'11.494""W"
Oficial,11,Central,Ñemby,ESCUELA BÁSICA N° 6116 UNIDA LA CONQUISTA,51,55,64,72,66,67,"25º23'53.127""S","57º30'46.439""W"
Oficial,2,San Pedro,Antequera,ESCUELA BÁSICA N° 252 JOSÉ DE ANTEQUERA Y CASTRO,76,61,75,52,57,54,"24º4'50.746""S","57º12'9.508""W"
Oficial,11,Central,Ypané,ESCUELA BÁSICA N° 3404 NIÑOS MÁRTIRES DE ACOSTA ÑÚ,57,62,66,67,62,61,"25º26'9.557""S","57º30'59.153""W"
Oficial,11,Central,Areguá,ESCUELA BÁSICA N° 2128 SEÑOR FRANCISCO MEDINA ALFONZO,65,68,57,70,55,59,"25º18'30.399""S","57º26'5.078""W"
Oficial,11,Central,Luque,ESCUELA BÁSICA N° 2656 SANTO TOMÁS,57,49,52,74,72,70,"25º16'30.145""S","57º28'12.079""W"
Oficial,11,Central,Mariano Roque Alonso,ESCUELA BÁSICA N° 3748 SAN JORGE,58,67,61,67,58,63,"25º13'48.557""S","57º32'58.39""W"
Oficial,7,Itapúa,Encarnación,ESCUELA BÁSICA N° 1541 NUEVA ESPERANZA,70,55,65,55,63,65,"27º18'59.86""S","55º49'24.409""W"
Oficial,9,Paraguarí,Carapeguá,ESCUELA BÁSICA N° 705 MONSEÑOR ANGEL NICOLAS ACHA DUARTE,61,54,68,56,64,69,"25º45'48.665""S","57º14'38.232""W"
Oficial,1,Concepción,Concepción,CENTRO REGIONAL DE EDUCACIÓN JUAN E. O'LEARY,56,57,60,65,69,65,"23º24'55.781""S","57º26'27.137""W"
Oficial,6,Caazapá,Yuty,ESCUELA BÁSICA N° 63 DOCTOR PEDRO ZARZA ROA,60,63,65,66,48,69,"26º37'1.27""S","56º14'45.828""W"
Oficial,6,Caazapá,San Juan Nepomuceno,ESCUELA BÁSICA N° 174 PROFESORA MARGARITA CABRAL CENTURIÓN,59,57,68,57,59,69,"26º6'52.725""S","55º56'18.631""W"
Oficial,11,Central,Luque,ESCUELA BÁSICA N° 1030 PROFESORA MARÍA EUGENIA ARCE DE CENTURIÓN,63,68,60,64,57,57,"25º18'21.706""S","57º29'26.076""W"
Oficial,11,Central,Ypané,ESCUELA BÁSICA N° 2386 BATALLA DE YTORORÓ,64,67,58,58,64,57,"25º26'50.347""S","57º28'47.564""W"
Oficial,0,Capital,Asunción,ESCUELA BÁSICA N° 121 DOCTOR IGNACIO ALBERTO PANE,62,61,63,70,56,54,"25º19'8.432""S","57º38'25.92""W"
Oficial,10,Alto Paraná,Hernandarias,ESCUELA BÁSICA N° 1896 NUESTRA SEÑORA VIRGEN DE FÁTIMA,56,59,52,74,66,59,"25º22'51.501""S","54º39'17.405""W"
Oficial,11,Central,Capiatá,ESCUELA BÁSICA N° 3443 SAN JOSÉ OBRERO,59,56,70,53,68,60,"25º23'50.967""S","57º28'15.286""W"
Oficial,10,Alto Paraná,Ciudad del Este,ESCUELA BÁSICA N° 3053 SAN CARLOS,55,58,57,67,61,67,"25º28'59.9""S","54º40'1.994""W"
Oficial,1,Concepción,Concepción,CENTRO REGIONAL DE EDUCACIÓN PRESIDENTE FRANCO,62,62,58,57,63,63,"23º24'33.635""S","57º26'39.255""W"
Oficial,0,Capital,Asunción,ESCUELA BÁSICA N° 434 JUAN EUDORO CÁCERES,62,63,59,62,56,62,"25º19'11.48""S","57º34'31.159""W"
Oficial,11,Central,Villa Elisa,ESCUELA BÁSICA N° 3537 SAN JOSÉ,65,67,54,62,58,57,"25º22'4.053""S","57º34'27.968""W"
Oficial,11,Central,Villa Elisa,ESCUELA BÁSICA N° 575 DOCTOR JUAN JOSÉ SOLER,63,55,65,60,61,58,"25º20'34.068""S","57º35'0.849""W"
Oficial,11,Central,Lambaré,ESCUELA BÁSICA N° 807 MANUEL GONZÁLEZ,57,63,61,70,61,50,"25º21'48.173""S","57º37'19.602""W"
Oficial,14,Canindeyú,Katueté,ESCUELA BÁSICA N° 1281 SAGRADO CORAZÓN DE JESÚS,47,62,74,59,59,61,"24º14'51.821""S","54º45'58.834""W"
Oficial,0,Capital,Asunción,ESCUELA BÁSICA N° 617 VIRGEN STELLA MARIS,69,63,54,60,59,53,"25º21'38.65""S","57º38'27.391""W"
Oficial,0,Capital,Asunción,ESCUELA BÁSICA N° 7 SOTERO COLMÁN,56,77,43,61,74,46,"25º18'5.693""S","57º39'53.028""W"
Oficial,11,Central,Fernando de la Mora,ESCUELA BÁSICA N° 515 DEFENSORES DEL CHACO,41,59,56,67,70,64,"25º20'16.408""S","57º32'38.352""W"
Oficial,10,Alto Paraná,Minga Guazú,ESCUELA BÁSICA N° 2968 SAN JUAN BAUTISTA DE LA SALLE,56,53,60,65,66,57,"25º29'12.411""S","54º44'6.622""W"
Oficial,11,Central,Itauguá,ESCUELA BÁSICA N° 3283 JARDÍN DE ITAUGUÁ,69,62,57,57,57,55,"25º23'8.103""S","57º20'58.371""W"
Oficial,11,Central,Luque,ESCUELA BÁSICA N° 3540 ESPÍRITU SANTO,55,61,56,59,64,61,"25º13'40.407""S","57º28'33.371""W"
Oficial,11,Central,San Lorenzo,	ESCUELA BÁSICA N° 2393 JORGE ALCIBIADES GADEA,53,61,51,55,70,64,"25º22'22.371""S","57º29'56.281""W"
Oficial,11,Central,Luque,ESCUELA BÁSICA N° 3788 SUBOFICIAL INSP. O.S. EDUARDO LUIS IRRAZÁBAL MUTTI,58,66,58,55,58,59,"25º14'10.54""S","57º28'54.506""W"
Oficial,11,Central,Luque,ESCUELA BÁSICA N° 4555 REPÚBLICA DE TÜRKIYE,63,58,57,56,60,60,"25º18'27.435""S","57º28'44.398""W"
Oficial,11,Central,Capiatá,ESCUELA BÁSICA N° 6954 SAN CAYETANO,69,49,58,58,51,69,"25º25'39.791""S","57º28'30.96""W"
Oficial,11,Central,Itá,ESCUELA BÁSICA N° 334 NIÑOS DE ACOSTA ÑÚ,71,52,55,67,57,51,"25º28'39.442""S","57º24'43.491""W"
Oficial,11,Central,Limpio,ESCUELA BÁSICA N° 2895 EL PALMAR,52,62,62,50,65,62,"25º11'20.287""S","57º29'42.749""W"
Oficial,11,Central,Luque,ESCUELA BÁSICA N° 6556 SUB OFICIAL GREGORIO A. BAZÁN,40,65,61,69,64,54,"25º14'50.927""S","57º26'57.988""W"
Oficial,11,Central,Guarambaré,ESCUELA BÁSICA N° 127 14 DE JULIO,60,64,56,54,62,56,"25º28'8.653""S","57º26'35.836""W"
Oficial,11,Central,Julián Augusto Saldívar,ESCUELA BÁSICA N° 6207 SANTA CATALINA,71,57,57,59,61,47,"25º24'28.94""S","57º26'19.104""W"
Oficial,8,Misiones,San Juan Bautista,ESCUELA BÁSICA N° 237 DOCTOR PEDRO P. PEÑA,58,60,58,59,57,59,"26º40'17.321""S","57º8'27.391""W"
Oficial,11,Central,Villeta,ESCUELA BÁSICA N° 708 CARLOS ANTONIO LÓPEZ,60,52,54,54,68,63,"25º30'17.209""S","57º34'12.469""W"
Oficial,5,Caaguazú,Coronel Oviedo,ESCUELA BÁSICA N° 3364 FRAY TEODORO,51,55,58,73,56,58,"25º26'9.036""S","56º25'55.754""W"
Oficial,11,Central,Capiatá,ESCUELA BÁSICA N° 319 VIRGEN DEL ROSARIO,57,59,60,54,64,56,"25º23'22.409""S","57º24'31.927""W"
Oficial,11,Central,Ñemby,ESCUELA BÁSICA N° 2385 CESAR ZOTTI,57,59,63,66,56,48,"25º22'35.28""S","57º32'31.638""W"
Oficial,7,Itapúa,Tomás Romero Pereira,ESCUELA BÁSICA N° 2609 JULIO AFARA PAVÍA,62,56,61,60,60,50,"26º30'41.451""S","55º16'43.698""W"
Oficial,5,Caaguazú,Coronel Oviedo,ESCUELA BÁSICA N° 282 CNEL. FLORENTIN OVIEDO,43,60,55,67,61,62,"25º27'11.99""S","56º26'0.113""W"
Oficial,11,Central,Limpio,ESCUELA BÁSICA N° 4718 SANTA LUCÍA,57,54,61,66,53,57,"25º10'4.908""S","57º29'9.472""W"
Oficial,14,Canindeyú,Salto del Guairá,ESCUELA BÁSICA N° 4281 DOCTOR DIONISIO GONZÁLEZ TORRES,56,58,50,74,53,57,"24º2'59.441""S","54º18'36.845""W"
Oficial,11,Central,Limpio,ESCUELA BÁSICA N° 5571 NUESTRA SEÑORA DE LA ASUNCIÓN,58,57,60,53,65,55,"25º8'15.819""S","57º29'4.575""W"
Oficial,10,Alto Paraná,Ciudad del Este,ESCUELA BÁSICA N° 2975 AUGUSTO ROA BASTOS,56,60,72,61,44,54,"25º28'59.421""S","54º40'31.143""W"
Oficial,10,Alto Paraná,Ciudad del Este,ESCUELA BÁSICA N° 2987 JUAN PABLO SEGUNDO,50,63,56,66,56,56,"25º30'2.159""S","54º41'15.979""W"
Oficial,10,Alto Paraná,Presidente Franco,ESCUELA BÁSICA N° 3592 MARÍA AUXILIADORA,53,50,55,68,61,60,"25º32'52.715""S","54º36'30.9""W"
Oficial,11,Central,Mariano Roque Alonso,ESCUELA BÁSICA N° 403 PROFESORA QUINTINA PAREDES SILVA,49,56,63,74,52,52,"25º11'30.803""S","57º32'7.642""W"
Oficial,11,Central,San Lorenzo,ESCUELA BÁSICA N° 600 SAN JOSÉ,46,59,67,70,58,46,"25º20'20.244""S","57º29'52.954""W"
Oficial,11,Central,Capiatá,ESCUELA BÁSICA N° 6940 VIRGEN DE LAS MERCEDES,57,57,56,67,53,56,"25º25'21.726""S","57º30'15.097""W"
Oficial,11,Central,Ypané,ESCUELA BÁSICA N° 318 REINO UNIDO DE GRAN BRETAÑA,65,55,55,51,58,61,"25º25'34.69""S","57º30'7.669""W"
Oficial,5,Caaguazú,Raúl Arsenio Oviedo,ESCUELA BÁSICA N° 1602 LAS RESIDENTAS,69,37,56,64,56,63,"25º11'45.157""S","55º36'20.5""W"
Oficial,11,Central,Luque,ESCUELA BÁSICA N° 333 GENERAL EUGENIO A. GARAY,60,60,50,60,52,62,"25º14'37.921""S","57º26'15.403""W"
Oficial,10,Alto Paraná,Hernandarias,ESCUELA BÁSICA N° 855 SAN ANTONIO DE PADUA,55,54,55,63,57,59,"25º24'27.856""S","54º37'41.059""W"
Oficial,11,Central,Limpio,ESCUELA BÁSICA N° 7015 SAN RAMÓN,56,58,55,57,55,60,25° 9’ 34.04” S,57° 27’ 27.64” W
Oficial,11,Central,Villeta,ESCUELA BÁSICA N° 163 PROFESOR ADOLFO MARÍA MONGES,49,58,59,58,57,59,"25º30'24.04""S","57º34'11.426""W"
Oficial,14,Canindeyú,Francisco Caballero Alvarez,ESCUELA BÁSICA N° 984 GENERAL BERNARDINO CABALLERO,63,49,61,61,55,51,"24º9'20.634""S","54º39'37.944""W"
Oficial,11,Central,Capiatá,ESCUELA BÁSICA N° 1502 PROFESORA PETRONA MARTÍNEZ VIUDA DE OCAMPOS,62,53,56,61,54,54,"25º19'43.419""S","57º26'26.086""W"
Oficial,1,Concepción,Concepción,ESCUELA BÁSICA N° 294 DOCTOR JOSÉ GASPAR RODRÍGUEZ DE FRANCIA,51,54,61,56,58,58,"23º24'41.714""S","57º25'35.858""W"
Oficial,10,Alto Paraná,Naranjal,ESCUELA BÁSICA N° 1317 MADRE TERESA DE CALCUTA,50,62,60,48,52,66,"25º58'20.974""S","55º11'9.204""W"
Oficial,10,Alto Paraná,Hernandarias,ESCUELA BÁSICA N° 3171 SAN RAMÓN,63,45,58,63,57,51,"25º23'46.849""S","54º38'47.681""W"
Oficial,5,Caaguazú,Caaguazú,ESCUELA BÁSICA N° 456 PRÓCERES DE MAYO,48,59,62,55,50,62,"25º27'40.919""S","56º1'2.371""W"
Oficial,11,Central,Fernando de la Mora,ESCUELA BÁSICA N° 24 REPÚBLICA DOMINICANA,55,59,70,52,55,44,"25º19'26.526""S","57º33'33.571""W"
Oficial,14,Canindeyú,La Paloma del Espíritu Santo,ESCUELA BÁSICA N° 1280 SAN FRANCISCO DE ASÍS,66,59,54,67,41,48,"24º08'00.4""S","54º36'39.6""W"
Oficial,2,San Pedro,Santa Rosa del Aguaray,ESCUELA BÁSICA N° 5923 SAN FRANCISCO,46,50,74,52,63,50,"23º48'11.939""S","56º30'49.722""W"
Oficial,14,Canindeyú,Nueva Esperanza,ESCUELA BÁSICA N° 4306 SAN JOSÉ OBRERO,58,67,42,57,54,56,"24º30'36.795""S","54º51'13.915""W"
Oficial,3,Cordillera,Tobatí,CENTRO EDUCATIVO SANTA TERESITA,57,54,55,55,55,58,"25º15'29.774""S","57º5'12.924""W"
Oficial,11,Central,Ypané,ESCUELA BÁSICA N° 4659 DOMINGO MARTÍNEZ DE IRALA,55,54,50,67,48,60,"25º27'26.043""S","57º30'33.519""W"
Oficial,11,Central,Itauguá,ESCUELA BÁSICA N° 1022 VALLE KARE,57,53,52,56,54,61,"25º22'38.446""S","57º21'54.933""W"
Oficial,1,Concepción,Concepción,ESCUELA BÁSICA N° 358 MAYOR ENRIQUE   J.  PLANÁS,61,61,57,55,45,53,"23º25'9.954""S","57º26'17.67""W"
Oficial,10,Alto Paraná,Ciudad del Este,ESCUELA BÁSICA N° 5441 SAN MARCOS,56,51,60,60,55,50,"25º29'0.025""S","54º38'32.283""W"
Oficial,0,Capital,Asunción,ESCUELA BÁSICA N° 5 GENERAL JOSÉ EDUVIGIS DÍAZ,44,59,54,54,62,59,"25º17'31.371""S","57º38'30.702""W"
Oficial,11,Central,Lambaré,ESCUELA BÁSICA N° 20 REPÚBLICA DEL ECUADOR,56,42,48,64,60,62,"25º20'38.959""S","57º37'50.694""W"
Oficial,0,Capital,Asunción,ESCUELA BÁSICA N° 206 PROFESOR MANUEL RIQUELME,52,51,47,52,67,62,"25º18'31.546""S","57º37'14.52""W"
Oficial,9,Paraguarí,Acahay,ESCUELA BÁSICA N° 73 PATROCINIA GONZÁLEZ DE FRETES,49,51,53,57,56,63,"25º54'49.565""S","57º6'42.378""W"
Oficial,10,Alto Paraná,Santa Rita,ESCUELA BÁSICA N° 2703 SANTA TERESA,48,54,58,61,54,54,"25º47'34.557""S","55º5'16.476""W"
Oficial,4,Guairá,Villarrica,ESCUELA BÁSICA N° 2761 VILLARRICA DEL ESPIRITU SANTO,53,51,56,58,52,59,"25º46'55.061""S","56º27'16.569""W"
Oficial,11,Central,San Antonio,ESCUELA BÁSICA N° 7439 OÑONDIVEPÁ,58,48,54,64,47,57,"25º25'0.496""S","57º33'41.803""W"
Oficial,7,Itapúa,Capitán Miranda,ESCUELA BÁSICA N° 3323 SAN JOSÉ,49,59,61,48,56,54,"27º13'17.585""S","55º48'14.217""W"
Oficial,7,Itapúa,Cambyretá,ESCUELA BÁSICA N° 2445 SAN FRANCISCO DE ASÍS,60,55,45,61,60,45,"27º20'10.42""S","55º50'47.141""W"
Oficial,11,Central,Villa Elisa,ESCUELA BÁSICA N° 5549 MUNICIPAL MBOCAYATY,53,56,58,50,58,51,"25º22'26.792""S","57º34'15.695""W"
Oficial,16,Boquerón,Filadelfia,ESCUELA BÁSICA N° 7388 AMISTAD,57,58,53,54,48,56,"22º21'45.536""S","60º1'10.806""W"
Oficial,1,Concepción,Yby Yaú,ESCUELA BÁSICA N° 1311 MÁRTIRES DE CERRO CORÁ,57,49,57,62,47,53,"22º58'19.754""S","56º32'24.721""W"
Oficial,11,Central,Capiatá,ESCUELA BÁSICA N° 3688 SUECIA,57,55,53,56,50,54,"25º24'35.076""S","57º28'37.328""W"
Oficial,11,Central,Luque,ESCUELA BÁSICA N° 2372 LA RESIDENTA,50,56,51,58,56,52,"25º17'31.773""S","57º27'2.728""W"
Oficial,11,Central,San Antonio,ESCUELA BÁSICA N° 3424 SAN BLAS,48,54,64,50,51,56,"25º24'52.764""S","57º33'23.261""W"
Oficial,16,Boquerón,Filadelfia,ESCUELA BÁSICA N° 3840 DEPARTAMENTAL BOQUERÓN,77,44,38,37,79,47,"22º22'0.110""S","60º2'14.033""W"
Oficial,11,Central,Lambaré,ESCUELA BÁSICA N° 808 DOCTOR BERNARDO OCAMPOS,53,56,52,60,51,49,"25º21'7.95""S","57º35'47.736""W"
Oficial,11,Central,Luque,ESCUELA BÁSICA N° 115 MARISCAL JOSÉ FÉLIX ESTIGARRIBIA,48,55,52,60,54,51,"25º15'57.378""S","57º29'40.761""W"
Oficial,10,Alto Paraná,Minga Guazú,ESCUELA BÁSICA N° 4089 ESPÍRITU SANTO,66,53,50,56,50,45,"25º28'42.89""S","54º47'25.747""W"
Oficial,3,Cordillera,Piribebuy,ESCUELA BÁSICA N° 2961 VIRGEN DEL ROSARIO,52,69,44,48,43,62,"25º28'16.666""S","57º2'28.589""W"
Oficial,11,Central,Fernando de la Mora,ESCUELA BÁSICA N° 959 PROFESORA MERCEDES IBARRA,55,49,48,57,51,57,"25º21'17.918""S","57º34'12.366""W"
Oficial,10,Alto Paraná,Ciudad del Este,ESCUELA BÁSICA N° 2974 ARANDU RAITY,42,57,61,58,45,54,"25º29'37.095""S","54º39'32.886""W"
Oficial,11,Central,Luque,ESCUELA BÁSICA N° 3778 LOMA MERLO,49,50,51,53,53,61,"25º14'51.778""S","57º30'8.128""W"
Oficial,3,Cordillera,Altos,ESCUELA BÁSICA N° 42 DOMINGO MARTÍNEZ DE IRALA,51,48,54,46,62,54,"25º15'46.84""S","57º14'49.828""W"
Oficial,1,Concepción,Concepción,ESCUELA BÁSICA N° 234 GENERAL JOSÉ EDUVIGIS DÍAZ,50,53,65,48,45,54,"23º24'0.993""S","57º26'14.166""W"
Oficial,11,Central,Capiatá,ESCUELA BÁSICA N° 605 CAPITÁN BALDOMERO RIQUELME,51,51,55,44,62,52,"25º22'0.918""S","57º28'26.596""W"
Oficial,10,Alto Paraná,Ciudad del Este,ESCUELA BÁSICA N° 2970 VIRGEN DE FÁTIMA,46,45,51,58,63,52,"25º30'10.383""S","54º41'34.761""W"
Oficial,11,Central,Itauguá,ESCUELA BÁSICA N° 3723 SAN CAYETANO,56,55,46,51,54,53,"25º23'40.28""S","57º23'47.858""W"
Oficial,11,Central,Luque,ESCUELA BÁSICA N° 860 MAESTRO ANTONIO MARCOS SILVA,47,45,52,54,62,54,"25º16'36.215""S","57º27'12.678""W"
Oficial,7,Itapúa,San Juan del  Paraná,ESCUELA BÁSICA N° 815 PEDRO JUAN CABALLERO,61,49,47,56,46,54,"27º18'10.584""S","55º57'52.631""W"
Oficial,7,Itapúa,Coronel Bogado,ESCUELA BÁSICA N° 4761 DE APLICACIÓN SANTA CLARA,56,50,55,51,50,51,"27º9'38.861""S","56º14'53.587""W"
Oficial,11,Central,San Lorenzo,ESCUELA BÁSICA N° 2391 CHOFERES DEL CHACO,49,57,49,51,57,50,"25º19'13.852""S","57º29'16.271""W"
Oficial,1,Concepción,Yby Yaú,ESCUELA BÁSICA N° 4133 SANTA CLARA,52,43,59,59,53,47,"22º58'1.219""S","56º32'47.786""W"
Oficial,11,Central,Limpio,ESCUELA BÁSICA N° 6561 SAN ISIDRO LABRADOR,45,50,51,51,60,54,"25º10'21.936""S","57º27'40.37""W"
Oficial,11,Central,Luque,ESCUELA BÁSICA N° 3784 SAN ROQUE GONZÁLEZ DE SANTA CRUZ,41,54,54,59,47,55,"25º17'29.301""S","57º29'5.947""W"
Oficial,1,Concepción,San Lázaro,ESCUELA BÁSICA N° 6687 SAN ANTONIO DE PADUA,43,45,37,52,63,69,"22º9'9.629""S","57º57'3.92""W"
Oficial,13,Amambay,Pedro Juan Caballero,ESCUELA BÁSICA N° 1300 MARÍA AUXILIADORA,49,55,41,62,42,59,"22º32'10.404""S","55º44'42.38""W"
Oficial,10,Alto Paraná,Ciudad del Este,ESCUELA BASICA N° 5436 SAN VICENTE DE PAUL,60,53,32,56,38,68,"25º31'0.218""S","54º39'31.273""W"
Oficial,11,Central,Fernando de la Mora,ESCUELA BÁSICA N° 576 GREGORIA MOLINAS DE SALDÍVAR,41,50,58,49,52,56,"25º20'24.399""S","57º33'32.156""W"
Oficial,11,Central,Lambaré,ESCUELA BÁSICA N° 805 DOCTOR FACUNDO INSFRÁN,46,42,59,61,47,51,"25º20'53.006""S","57º35'52.993""W"
Oficial,11,Central,Capiatá,ESCUELA BÁSICA N° 3924 VIRGEN DE LA CANDELARIA,43,62,50,45,51,55,"25º22'47.389""S","57º27'41.079""W"
Oficial,11,Central,Ñemby,ESCUELA BÁSICA N° 6120 VIRGEN DE LA MERCED,49,53,52,61,44,47,"25º24'25.881""S","57º30'32.189""W"
Oficial,14,Canindeyú,Curuguaty,ESCUELA BÁSICA N° 3017 34 CURUGUATEÑOS,51,46,52,56,51,49,"24º27'52.221""S","55º41'35.136""W"
Oficial,11,Central,San Lorenzo,ESCUELA BÁSICA N° 2392 CENTRO DE EDUCACIÓN VILLA LAURELTY,52,54,51,51,54,42,"25º19'39.798""S","57º29'44.49""W"
Oficial,5,Caaguazú,Dr. Juan Manuel Frutos,ESCUELA BÁSICA N° 296 DOCTOR JUAN MANUEL FRUTOS,35,69,46,52,50,51,"25º23'8.661""S","55º49'41.641""W"
Oficial,11,Central,Lambaré,ESCUELA BÁSICA N° 8230 AVA MBA'E,62,49,51,46,47,48,"25º21'49.718""S","57º36'28.802""W"
Oficial,10,Alto Paraná,Ciudad del Este,ESCUELA BÁSICA N° 2983 NIÑOS MÁRTIRES DE ACOSTA ÑÚ,57,55,43,42,59,45,"25º30'45.436""S","54º40'1.96""W"
Oficial,11,Central,Limpio,ESCUELA BÁSICA N° 3015 CENTRO EDUCATIVO PADRE MARIO CLEVA,55,51,55,55,37,48,"25º11'1.57""S","57º27'39.305""W"
Oficial,11,Central,Villa Elisa,ESCUELA BÁSICA N° 196 REINO DE SUECIA,44,50,53,48,54,51,"25º22'32.674""S","57º35'5.82""W"
Oficial,11,Central,Fernando de la Mora,ESCUELA BÁSICA N° 144 COMANDANTE HEBER LEO NOWAK,41,60,50,49,45,54,"25º19'30.863""S","57º32'29.171""W"
Oficial,0,Capital,Asunción,ESCUELA BÁSICA N° 193 PDTE. FEDERICO CHÁVES,39,49,53,49,56,53,"25º18'8.554""S","57º39'16.745""W"
Oficial,15,Presidente Hayes,Benjamín Aceval,ESCUELA BÁSICA N° 674 HÉROES DEL CHACO,47,60,44,48,53,47,"24º57'37.789""S","57º32'50.491""W"
Oficial,10,Alto Paraná,Ciudad del Este,ESCUELA BÁSICA N° 2981 SAN ANTONIO DE PADUA,49,58,48,39,43,62,"25º32'21.43""S","54º36'19.272""W"
Oficial,0,Capital,Asunción,ESCUELA BÁSICA N° 210 REPÚBLICA DE HUNGRÍA,43,50,57,49,52,48,"25º20'12.931""S","57º38'18.211""W"
Oficial,11,Central,Julián Augusto Saldívar,ESCUELA BÁSICA N° 3452 SAN BLAS,48,61,55,42,39,53,"25º26'20.764""S","57º26'10.88""W"
Oficial,11,Central,Capiatá,ESCUELA BÁSICA N° 6557 SAN SEBASTIÁN,53,58,46,51,51,39,"25º25'18.9""S","57º28'27.083""W"
Oficial,10,Alto Paraná,Ciudad del Este,ESCUELA BÁSICA N° 6707 SAN JOSÉ,46,50,51,53,48,50,"25º28'37.678""S","54º38'44.889""W"
Oficial,0,Capital,Asunción,ESCUELA BÁSICA N° 221 CHACO PARAGUAYO,36,46,56,66,54,39,"25º19'14.748""S","57º36'28.564""W"
Oficial,2,San Pedro,Choré,ESCUELA BÁSICA N° 658 AGUSTÍN BARBOZA,50,51,50,42,50,54,"24º11'19.686""S","56º34'46.028""W"
Oficial,11,Central,Itauguá,ESCUELA BÁSICA N° 4819 DEFENSORES DEL CHACO,44,54,51,54,52,42,"25º24'19.058""S","57º20'36.348""W"
Oficial,2,San Pedro,San Pedro del Ycuamandyjú,ESCUELA BÁSICA N° 7721 CENTRO EDUCATIVO SAN PEDRO APÓSTOL,44,51,42,64,44,52,"24º5'10.357""S","57º5'12.989""W"
Oficial,5,Caaguazú,Caaguazú,ESCUELA BÁSICA N° 4599 DON JOSÉ DOMINGO FERNÁNDEZ,53,63,55,68,20,38,"25º28'43.023""S","56º2'53.207""W"
Oficial,9,Paraguarí,Paraguarí,ESCUELA BÁSICA N° 1112 RVDO. PADRE GREGORIO BALZARINI ROS,44,47,53,48,56,48,"25º37'15.718""S","57º8'52.488""W"
Oficial,11,Central,Villa Elisa,ESCUELA BÁSICA N° 4743 MUNICIPAL VIRGEN DEL CARMEN,51,49,54,41,51,50,"25º23'23.739""S","57º34'26.269""W"
Oficial,14,Canindeyú,Katueté,ESCUELA BÁSICA N° 5701 KATUETE,40,62,55,46,42,51,"24º14'47.65""S","54º45'16.197""W"
Oficial,11,Central,Mariano Roque Alonso,ESCUELA BÁSICA N° 7078 LA AMISTAD,46,53,49,47,58,43,"25º13'56.301""S","57º31'27.318""W"
Oficial,2,San Pedro,General Isidoro Resquín,ESCUELA BÁSICA N° 997 VIRGEN DE FÁTIMA,55,37,39,61,46,57,"24º3'39.774""S","56º26'58.769""W"
Oficial,11,Central,Luque,ESCUELA BÁSICA N° 4550 SAN JUAN BAUTISTA,48,49,44,52,48,54,"25º18'37.793""S","57º28'27.915""W"
Oficial,13,Amambay,Pedro Juan Caballero,ESCUELA BÁSICA N° 3695 NIÑO JESÚS,49,56,48,51,45,44,"22º33'6.582""S","55º44'40.926""W"
Oficial,1,Concepción,Belén,ESCUELA BÁSICA N° 187 PADRE JESUITA DR. FRANCISCO SANCHEZ LABRADOR Y HERNANDEZ,59,58,47,36,46,46,"23º27'50.974""S","57º16'3.767""W"
Oficial,11,Central,Lambaré,ESCUELA BÁSICA N° 612 CERRO CORÁ,44,54,50,51,43,50,"25º20'41.549""S","57º36'59.549""W"
Oficial,11,Central,Luque,ESCUELA BÁSICA N° 3789 SAN FRANCISCO,28,58,47,52,30,76,"25º13'9.334""S","57º27'39.821""W"
Oficial,11,Central,Julián Augusto Saldívar,ESCUELA BÁSICA N° 4658 SAN ROQUE,47,53,44,55,46,46,"25º25'33.27""S","57º26'53.346""W"
Oficial,11,Central,Limpio,ESCUELA BÁSICA N° 4719 SAN SALVADOR,43,45,49,49,52,53,"25º9'10.439""S","57º28'3.104""W"
Oficial,11,Central,Luque,ESCUELA BÁSICA N° 2376 GENERAL DE DIVISIÓN ADRIÁN JARA,51,41,42,49,51,56,"25º16'38.728""S","57º30'29.449""W"
Oficial,5,Caaguazú,Dr. Juan Eulogio Estigarribia,ESCUELA BÁSICA N° 3946 LA FORTUNA,47,58,51,45,47,41,"25º22'32.548""S","55º43'0.397""W"
Oficial,11,Central,Luque,ESCUELA BÁSICA N° 6746 PORVENIR,40,48,46,50,58,47,"25º18'56.308""S","57º29'22.424""W"
Oficial,0,Capital,Asunción,ESCUELA BÁSICA N° 263 CAPITÁN MAURICIO JOSÉ TROCHE,42,39,47,61,52,47,"25º13'58.29""S","57º33'46.935""W"
Oficial,0,Capital,Asunción,ESCUELA BÁSICA N° 167 CARLOS ANTONIO LÓPEZ,37,51,48,53,47,50,"25º14'25.308""S","57º32'36.93""W"
Oficial,9,Paraguarí,Paraguarí,ESCUELA BÁSICA N° 77 PROFESORA ENCARNACIÓN ALÚM DE VIVÉ,54,42,45,49,45,50,"25º37'15.598""S","57º8'42.412""W"
Oficial,7,Itapúa,Bella Vista,ESCUELA BÁSICA N° 338 PRESIDENTE CARLOS ANTONIO LÓPEZ,35,48,47,53,50,52,"27º3'7.841""S","55º34'24.037""W"
Oficial,7,Itapúa,Encarnación,ESCUELA BÁSICA N° 3770 SAN MIGUEL,41,49,52,51,40,52,"27º17'46.117""S","55º51'51.336""W"
Oficial,11,Central,Lambaré,ESCUELA BÁSICA N° 806 INSPECTOR MAYOR EUSEBIO FLORENTIN,45,47,43,51,49,49,"25º21'23.204""S","57º37'20.083""W"
Oficial,7,Itapúa,Cambyretá,ESCUELA BÁSICA N° 4007 SAGRADO CORAZÓN DE JESÚS,48,47,47,47,34,60,"27º20'26.199""S","55º49'46.823""W"
Oficial,11,Central,Capiatá,ESCUELA BÁSICA N° 5602 LA VICTORIA,41,40,61,57,41,43,"25º24'6.414""S","57º30'11.455""W"
Oficial,10,Alto Paraná,Ciudad del Este,ESCUELA BÁSICA N° 7351 13 DE MAYO,50,55,32,32,58,56,"25º30'6.918""S","54º37'21.34""W"
Oficial,4,Guairá,Mauricio José Troche,ESCUELA BÁSICA N° 137 SAN PASCUAL,39,48,59,37,44,55,"25º36'52.391""S","56º16'38.163""W"
Oficial,11,Central,Lambaré,ESCUELA BÁSICA N° 551 LICENCIADA EVE LUISA TALAVERA RICHER,45,43,39,45,57,53,"25º20'3.673""S","57º37'0.144""W"
Oficial,10,Alto Paraná,Ciudad del Este,ESCUELA BÁSICA N° 2973 SAN ISIDRO LABRADOR,35,53,45,49,59,41,"25º31'0.222""S","54º39'31.56""W"
Oficial,11,Central,San Lorenzo,ESCUELA BÁSICA N° 4189 SAN MIGUEL ARCÁNGEL,48,50,51,48,41,44,"25º18'21.351""S","57º31'0.419""W"
Oficial,11,Central,Ñemby,ESCUELA BÁSICA N° 5592 PARAGUAY - JAPÓN,56,37,42,56,47,44,25° 23’ 6.40” S,57° 32’ 16.05” W
Oficial,3,Cordillera,Caacupé,ESCUELA BÁSICA N° 7423 MUNICIPAL SANTA TERESITA,53,51,53,64,28,33,"25º23'35.627""S","57º8'55.672""W"
Oficial,10,Alto Paraná,Yguazú,ESCUELA BÁSICA N° 481 MARISCAL FRANCISCO SOLANO LÓPEZ,41,39,41,52,55,53,"25º27'37.139""S","54º59'54.413""W"
Oficial,11,Central,Villa Elisa,ESCUELA BÁSICA N° 1702 AMÉRICA,39,51,43,50,47,51,"25º21'36.762""S","57º35'13.028""W"
Oficial,5,Caaguazú,Caaguazú,ESCUELA BÁSICA N° 4368 DIEGO FABIÁN,34,57,46,55,54,35,"25º28'31.701""S","56º2'6.992""W"
Oficial,1,Concepción,Loreto,ESCUELA BÁSICA N° 1312 VITALINA TORRES DE GARCETE,46,53,51,41,46,43,"23º16'41.362""S","57º19'40.068""W"
Oficial,0,Capital,Asunción,ESCUELA BÁSICA N° 3 REPÚBLICA DEL BRASIL,51,59,42,44,36,48,"25º16'59.144""S","57º38'17.982""W"
Oficial,9,Paraguarí,Quiindy,ESCUELA BÁSICA N° 280 PROFESOR CRISTÓBAL PÉREZ,45,52,51,43,43,45,"25º58'7.583""S","57º13'50.41""W"
Oficial,11,Central,Luque,ESCUELA BÁSICA N° 2371 CENTRO DE EDUCACIÓN INTEGRAL DE LUQUE,42,50,41,39,50,57,"25º17'28.263""S","57º31'46.216""W"
Oficial,11,Central,Limpio,ESCUELA BÁSICA N° 6439 VIRGEN DE CAACUPÉ,55,33,34,54,55,48,"25º9'0.395""S","57º29'13.145""W"
Oficial,2,San Pedro,San Pedro del Ycuamandyjú,ESCUELA BÁSICA N° 31 DON BRAULIO ZELADA,45,36,60,36,42,58,"24º5'15.328""S","57º4'17.244""W"
Oficial,11,Central,Limpio,ESCUELA BÁSICA N° 863 JUAN DE SALAZAR,48,47,46,48,46,42,"25º12'31.605""S","57º28'46.397""W"
Oficial,11,Central,Luque,ESCUELA BÁSICA N° 3785 AMISTAD,44,44,45,55,42,47,"25º16'48.133""S","57º28'49.478""W"
Oficial,0,Capital,Asunción,ESCUELA BÁSICA N° 322 PROFESORA SILVIA MIRANDA DE CUETO,40,47,50,43,47,50,"25º15'14.273""S","57º35'16.727""W"
Oficial,7,Itapúa,Natalio,ESCUELA BÁSICA N° 939 REVERENDO PADRE RICARDO MUSCH,38,54,44,45,52,43,"26º45'25.378""S","55º8'13.019""W"
Oficial,4,Guairá,Villarrica,ESCUELA BÁSICA N° 5263 SAN MIGUEL,46,46,53,50,35,46,"25º46'38.79""S","56º25'47.243""W"
Oficial,11,Central,Ypané,ESCUELA BÁSICA N° 7460 SEBASTIÁN SAMANIEGO,47,46,49,43,45,46,"25º26'37.273""S","57º29'57.509""W"
Oficial,0,Capital,Asunción,ESCUELA BÁSICA N° 260 NUESTRA SEÑORA DE LA ASUNCIÓN,35,48,47,43,47,55,"25º16'50.319""S","57º35'37.964""W"
Oficial,11,Central,San Antonio,ESCUELA BÁSICA N° 3445 ISAAC CABRERA,42,45,50,44,49,44,"25º25'10.806""S","57º32'40.173""W"
Oficial,11,Central,Luque,ESCUELA BÁSICA N° 861 PERPÉTUO SOCORRO,49,45,37,50,44,48,"25º13'9.031""S","57º26'50.18""W"
Oficial,11,Central,Ypané,ESCUELA BÁSICA N° 7695 FORTALEZA 123,44,52,43,47,44,43,,
Oficial,9,Paraguarí,La Colmena,ESCUELA BÁSICA N° 128 PARAGUAY - JAPÓN,47,38,46,44,49,48,"25º53'4.757""S","56º50'22.6""W"
Oficial,7,Itapúa,Hohenau,ESCUELA BÁSICA N° 1437 PARAGUAYO GERMANA,36,38,41,56,43,58,"27º3'40.068""S","55º38'51.772""W"
Oficial,11,Central,Luque,ESCUELA BÁSICA N° 3727 MARÍA AUXILIADORA,42,50,53,38,44,45,"25º17'42.315""S","57º30'30.036""W"
Oficial,11,Central,San Lorenzo,ESCUELA BÁSICA N° 7838 26 DE FEBRERO - LA VICTORIA,33,45,43,50,43,58,"25º21'14.702""S","57º31'34.321""W"
Oficial,11,Central,Capiatá,ESCUELA BÁSICA N° 6031 MUNICIPAL N° 1 SANTA TERESITA DEL NIÑO JESÚS,39,48,48,50,43,43,"25º21'42.009""S","57º27'0.077""W"
Oficial,7,Itapúa,San Pedro del Paraná,ESCUELA BÁSICA N° 66 ENRIQUE SOLANO LÓPEZ,41,42,54,30,60,44,"26º50'0.204""S","56º12'25.155""W"
Oficial,7,Itapúa,Coronel Bogado,ESCUELA BÁSICA N° 113 TIBURCIO BOGADO,43,46,43,49,51,39,"27º10'6.05""S","56º14'26.806""W"
Oficial,5,Caaguazú,Caaguazú,ESCUELA BÁSICA N° 3518 KUARAHY RESE,54,41,33,46,49,48,"25º27'9.245""S","56º1'0.48""W"
Oficial,10,Alto Paraná,Ciudad del Este,ESCUELA BÁSICA N° 6115 AMIGOS DEL LAGO YRENDY,45,53,42,43,42,46,"25º29'57.006""S","54º43'6.745""W"
Oficial,11,Central,Luque,ESCUELA BÁSICA N° 858 PROFESOR DOCTOR JUAN JAVALOYES Y GONZÁLEZ,47,36,54,40,47,47,"25º14'6.515""S","57º30'29.637""W"
Oficial,0,Capital,Asunción,ESCUELA BÁSICA N° 18 REPÚBLICA DE CUBA,60,58,73,60,0,19,"25º16'33.849""S","57º36'38.738""W"
Oficial,11,Central,San Antonio,ESCUELA BÁSICA N° 345 CÁNDIDA ACHUCARRO,52,37,47,47,52,35,"25º26'21.304""S","57º32'35.083""W"
Oficial,2,San Pedro,Guayaibi,ESCUELA BÁSICA N° 657 GENERAL BERNARDINO CABALLERO,51,49,50,49,38,33,"24º31'48.713""S","56º24'24.478""W"
Oficial,10,Alto Paraná,Ciudad del Este,ESCUELA BÁSICA N° 5429 JULIO CÉSAR RIQUELME,52,44,44,48,41,41,"25º32'12.644""S","54º39'39.465""W"
Oficial,10,Alto Paraná,Minga Guazú,ESCUELA BÁSICA N° 6006 DIVINO NIÑO,38,44,45,58,42,42,"25º29'52.159""S","54º46'52.865""W"
Oficial,1,Concepción,Yby Yaú,ESCUELA BÁSICA N° 540 EPOPEYA NACIONAL,39,48,39,49,41,51,"22º56'54.465""S","56º31'33.181""W"
Oficial,5,Caaguazú,Caaguazú,ESCUELA BÁSICA N° 561 MARISCAL LÓPEZ,52,36,42,39,48,50,"25º28'8.092""S","56º0'47.433""W"
Oficial,11,Central,Fernando de la Mora,ESCUELA BÁSICA N° 703 PROF. MARÍA LUISA GÓMEZ DE FRANCO,45,45,49,39,43,46,"25º18'41.028""S","57º32'28.627""W"
Oficial,11,Central,Julián Augusto Saldívar,ESCUELA BÁSICA N° 2400 MONSEÑOR JUAN SINFORIANO BOGARÍN,47,47,37,43,42,50,"25º25'37.334""S","57º26'31.917""W"
Oficial,11,Central,Capiatá,ESCUELA BÁSICA N° 3344 CONSTITUCIÓN,36,44,44,42,55,45,"25º21'19.667""S","57º28'5.147""W"
Oficial,11,Central,Mariano Roque Alonso,ESCUELA BÁSICA N° 2378 FÉLIX RUÍZ,46,43,44,42,40,50,"25º12'14.762""S","57º30'15.237""W"
Oficial,11,Central,Capiatá,ESCUELA BÁSICA N° 8109 MUNICIPAL N° 5 SAN JOSÉ,39,50,42,52,42,40,"25º26'7.480""S","57º28'37.106""W"
Oficial,1,Concepción,Concepción,ESCUELA BÁSICA N° 186 PROFESOR JORGE SEBASTIÁN MIRANDA,39,45,44,45,44,47,"23º24'24.085""S","57º26'47.08""W"
Oficial,5,Caaguazú,Coronel Oviedo,ESCUELA BÁSICA N° 1973 COSTA ALEGRE,52,39,45,41,40,47,"25º26'35.224""S","56º27'0.221""W"
Oficial,11,Central,Guarambaré,ESCUELA BÁSICA N° 261 DEFENSORES DEL CHACO,44,44,46,44,38,47,"25º29'26.679""S","57º27'27.521""W"
Oficial,10,Alto Paraná,Hernandarias,ESCUELA BÁSICA N° 3172 SAN MIGUEL ARCANGEL,31,49,49,48,43,43,"25º26'10.871""S","54º39'8.894""W"
Oficial,11,Central,San Antonio,ESCUELA BÁSICA N° 3444 29 DE SETIEMBRE,39,44,38,46,54,42,"25º23'47.133""S","57º33'30.476""W"
Oficial,15,Presidente Hayes,Benjamín Aceval,ESCUELA BÁSICA N° 95 DOCTOR MANUEL PEÑA,35,43,46,38,49,51,"24º59'32.416""S","57º33'18.68""W"
Oficial,11,Central,Mariano Roque Alonso,ESCUELA BÁSICA N° 4744 PROFESORA OTILIA FERNÁNDEZ DE ACOSTA,37,47,50,42,50,36,"25º12'40.646""S","57º32'22.42""W"
Oficial,3,Cordillera,Loma Grande,ESCUELA BÁSICA N° 286 DON PEDRO ANTONIO CÁRDENAS,46,44,49,35,44,43,"25º10'38.303""S","57º13'55.151""W"
Oficial,3,Cordillera,Piribebuy,ESCUELA BÁSICA N° 371 CABO 1° LISANDRO CABRAL,43,40,40,48,48,42,"25º27'32.318""S","57º2'45.512""W"
Oficial,11,Central,Villa Elisa,ESCUELA BÁSICA N° 3654 EVER FAUSTINO BEAUFORT,45,43,46,45,43,39,"25º23'29.59""S","57º35'15.936""W"
Oficial,10,Alto Paraná,Minga Guazú,ESCUELA BÁSICA N° 5496 SANTA TERESITA,42,40,50,38,52,39,"25º28'44.795""S","54º44'32.162""W"
Oficial,15,Presidente Hayes,Villa Hayes,ESCUELA BÁSICA N° 125 PDTE. RUTHERFORD B. HAYES,40,51,46,46,39,38,"25º5'47.013""S","57º31'20.015""W"
Oficial,10,Alto Paraná,Ciudad del Este,ESCUELA BÁSICA N° 3743 SAN ANTONIO,50,41,41,43,48,37,"25º29'52.929""S","54º37'40.339""W"
Oficial,0,Capital,Asunción,ESCUELA BÁSICA N° 13 DOCTOR FERNANDO DE LA MORA,37,55,42,50,43,32,"25º18'20.804""S","57º37'2.484""W"
Oficial,5,Caaguazú,Dr. Juan Eulogio Estigarribia,ESCUELA BÁSICA N° 987 REINO DE HOLANDA,41,55,49,38,43,32,"25º20'28.193""S","55º42'16.927""W"
Oficial,12,Ñeembucú,Pilar,ESCUELA BÁSICA N° 1288 SAN RAMÓN,43,43,38,42,51,39,"26º51'21.636""S","58º17'16.947""W"
Oficial,11,Central,San Lorenzo,ESCUELA BÁSICA N° 602 PROFESORA ANASTASIA VALLEJOS MORAES,39,46,35,50,38,47,"25º20'7.012""S","57º29'33.69""W"
Oficial,11,Central,Fernando de la Mora,ESCUELA BÁSICA N° 662 MARÍA AUXILIADORA,50,45,45,46,30,37,"25º18'51.782""S","57º32'47.989""W"
Oficial,17,Alto Paraguay,Carmelo Peralta,ESCUELA BÁSICA N° 1268 PDTE. CARLOS ANTONIO LÓPEZ,52,56,39,42,36,28,"21º40'28.004""S","57º54'33.016""W"
Oficial,10,Alto Paraná,Ciudad del Este,ESCUELA BÁSICA N° 5433 RAMÓN INDALECIO CARDOZO,30,44,42,49,43,45,"25º29'36.168""S","54º39'19.622""W"
Oficial,13,Amambay,Pedro Juan Caballero,ESCUELA BÁSICA N° 7101 DON IVAR GONZÁLEZ SAFSTRAND,40,48,42,41,37,45,"22º34'28.836""S","55º46'24.452""W"
Oficial,15,Presidente Hayes,Villa Hayes,ESCUELA BÁSICA N° 6553 SAN JORGE,48,46,48,45,30,35,"25º8'41.998""S","57º33'4.015""W"
Oficial,11,Central,Itauguá,ESCUELA BÁSICA N° 2959 MBOKAJATY SUR,58,53,23,31,46,40,"25º23'33.429""S","57º22'30.101""W"
Oficial,11,Central,Luque,ESCUELA BÁSICA N° 6359 SAN ANTONIO,56,46,37,37,40,35,"25º14'45.232""S","57º27'21.13""W"
Oficial,11,Central,Luque,ESCUELA BÁSICA N° 6104 DEFENSORES DEL CHACO,39,38,46,43,37,48,"25º17'44.004""S","57º27'42.468""W"
Oficial,0,Capital,Asunción,ESCUELA BÁSICA N° 407 ELISA ALICIA LYNCH,49,35,47,40,49,30,"25º16'50.699""S","57º37'45.901""W"
Oficial,14,Canindeyú,Nueva Esperanza,ESCUELA BÁSICA N° 5688 NUEVA ESPERANZA,40,46,37,47,31,49,"24º30'14.627""S","54º51'34.217""W"
Oficial,11,Central,Limpio,ESCUELA BÁSICA N° 6559 JESÚS MISERICORDIOSO,40,42,37,50,33,47,"25º6'54.831""S","57º29'5.684""W"
Oficial,11,Central,Julián Augusto Saldívar,ESCUELA BÁSICA N° 5638 MUNICIPAL REVERENDO PADRE DOCTOR ANTONIO TERSTIEGE,43,44,34,43,40,45,"25º27'25.881""S","57º26'53.977""W"
Oficial,7,Itapúa,Encarnación,ESCUELA BÁSICA N° 3771 GENERAL DE BRIGADA ROGELIO RIVAS BENÍTEZ,48,42,44,36,49,28,"27º22'37.732""S","55º49'2.485""W"
Oficial,11,Central,Mariano Roque Alonso,ESCUELA BÁSICA N° 4726 NUESTRA SEÑORA VIRGEN DEL CARMEN,34,47,52,40,37,36,"25º12'44.986""S","57º31'23.653""W"
Oficial,11,Central,Capiatá,ESCUELA BÁSICA N° 7626 MUNICIPAL 13 BELEN,47,50,37,44,36,32,25° 22’ 33.44” N,57° 28’ 14.02” W
Oficial,5,Caaguazú,Carayaó,ESCUELA BÁSICA N° 139 MONSEÑOR HERMENEGILDO ROA,34,42,49,42,40,38,"25º11'55.613""S","56º24'4.458""W"
Oficial,11,Central,Ypané,ESCUELA BÁSICA N° 3685 VIRGEN DEL ROSARIO,42,41,41,43,37,41,"25º27'45.267""S","57º28'3.413""W"
Oficial,9,Paraguarí,Quiindy,ESCUELA BÁSICA N° 71 LIBERTADOR SIMÓN BOLIVAR,44,37,37,45,41,40,"25º58'41.09""S","57º13'55.259""W"
Oficial,0,Capital,Asunción,ESCUELA BÁSICA N° 176 GENERAL ANDRÉS RODRÍGUEZ (DC1),38,29,40,36,52,49,"25º15'23.764""S","57º32'44.804""W"
Oficial,13,Amambay,Cerro Corá,ESCUELA BÁSICA N° 366 CORONEL TEOFILO MIRANDA,46,39,35,49,36,39,"22º38'1.03""S","55º51'49.744""W"
Oficial,11,Central,Limpio,	ESCUELA BÁSICA N° 4724 FRAY LUIS DE BOLAÑOS,42,43,35,44,38,42,"25º7'22.863""S","57º28'23.264""W"
Oficial,0,Capital,Asunción,ESCUELA BÁSICA N° 1003 LIC. CLARA IRMA PIACENTINI DE CACACE,34,48,47,49,33,32,"25º19'2.431""S","57º38'37.834""W"
Oficial,11,Central,Limpio,ESCUELA BÁSICA N° 5633 SANTA ROSA,37,42,50,35,36,43,"25º7'59.494""S","57º28'35.94""W"
Oficial,4,Guairá,Coronel Martínez,ESCUELA BÁSICA N° 55 DON TRIFON MONGES GONZÁLEZ,40,42,44,30,39,47,"25º45'23.268""S","56º37'0.253""W"
Oficial,11,Central,Guarambaré,ESCUELA BÁSICA N° 2065 NUEVA ESPERANZA,50,41,40,52,32,27,"25º28'15.923""S","57º25'34.265""W"
Oficial,11,Central,Limpio,ESCUELA BÁSICA N° 2382 VIRGEN DEL ROSARIO,42,43,31,34,43,49,"25º9'54.828""S","57º26'45.613""W"
Oficial,10,Alto Paraná,Minga Guazú,ESCUELA BÁSICA N° 1528 CLARA NOCE DE CORONEL,36,39,40,48,42,37,"25º27'12.827""S","54º44'8.289""W"
Oficial,11,Central,Fernando de la Mora,ESCUELA BÁSICA N° 388 GENERAL BERNARDINO CABALLERO,49,44,40,40,30,38,"25º19'45.663""S","57º34'2.132""W"
Oficial,7,Itapúa,La Paz,ESCUELA BÁSICA N° 741 MARISCAL FRANCISCO SOLANO LÓPEZ,32,40,44,37,47,41,"26º59'48.563""S","55º53'30.894""W"
Oficial,7,Itapúa,Encarnación,ESCUELA BÁSICA N° 233 DOCTOR JOSÉ GASPAR RODRÍGUEZ DE FRANCIA,41,37,41,42,43,36,"27º19'54.506""S","55º51'55.897""W"
Oficial,11,Central,Ñemby,ESCUELA BÁSICA N° 5589 SAN JUAN BAUTISTA,47,44,29,39,48,33,"25º24'9.356""S","57º31'3.187""W"
Oficial,10,Alto Paraná,Minga Guazú,ESCUELA BÁSICA N° 2985 DRA. BERTA NANCY RIQUELME DE PISTILLI,39,42,37,43,41,37,"25º31'50.361""S","54º44'35.96""W"
Oficial,11,Central,Fernando de la Mora,ESCUELA BÁSICA N° 133 R.I. 3 CORRALES,39,42,37,32,38,50,"25º19'51.854""S","57º33'6.931""W"
Oficial,0,Capital,Asunción,ESCUELA BÁSICA N° 2 CELSA SPERATTI,34,45,43,38,44,34,"25º17'0.895""S","57º38'11.591""W"
Oficial,11,Central,Ñemby,ESCUELA BÁSICA N° 5595 SAN FRANCISCO DE ASÍS,38,33,55,35,34,43,"25º26'4.976""S","57º31'52.979""W"
Oficial,11,Central,Itá,ESCUELA BÁSICA N° 262 PBRO. MANUEL GAMARRA,40,43,44,42,32,36,"25º30'27.783""S","57º21'16.55""W"
Oficial,11,Central,Luque,ESCUELA BÁSICA N° 913 PROFESOR EPIFANIO MÉNDEZ FLEITAS,36,45,35,42,34,44,"25º17'48.764""S","57º30'54.702""W"
Oficial,11,Central,Luque,ESCUELA BÁSICA N° 1031 SANTIAGO LEGUIZAMÓN,32,48,42,38,34,42,"25º17'1.421""S","57º28'1.294""W"
Oficial,5,Caaguazú,San José de los Arroyos,ESCUELA BÁSICA N° 49 PROF. ELISA CARMEN ALDERETE,44,33,42,50,34,32,"25º32'2.97""S","56º44'6.049""W"
Oficial,6,Caazapá,San Juan Nepomuceno,ESCUELA BÁSICA N° 944 PAPA JUAN XXIII,34,33,48,36,45,39,"26º7'4.693""S","55º56'32.817""W"
Oficial,5,Caaguazú,Repatriación,ESCUELA BÁSICA N° 1619 JOSÉ DOMINGO MARTÍNEZ PEÑA,30,52,41,39,34,39,"25º32'15.365""S","55º59'25.583""W"
Oficial,11,Central,Luque,ESCUELA BÁSICA N° 6127 PROFESORA ESTANISLAA CONCEPCIÓN GÓMEZ DE GIMÉNEZ,48,42,52,33,30,30,"25º13'24.392""S","57º26'12.388""W"
Oficial,3,Cordillera,Caacupé,ESCUELA BÁSICA N° 3680 SAN MIGUEL ARCANGEL,35,42,37,44,36,40,"25º23'32.256""S","57º9'17.678""W"
Oficial,10,Alto Paraná,Ciudad del Este,ESCUELA BÁSICA N° 5416 SAN ROQUE GONZÁLEZ DE SANTA CRUZ,40,40,36,41,36,41,"25º28'6.608""S","54º39'6.756""W"
Oficial,10,Alto Paraná,Presidente Franco,ESCUELA BÁSICA N° 3588 SAN RAFAEL,47,44,37,42,33,30,"25º33'59.255""S","54º37'12.6""W"
Oficial,11,Central,San Antonio,ESCUELA BÁSICA N° 5583 PUERTA DEL SOL,40,42,40,39,29,43,"25º25'45.157""S","57º32'42.976""W"
Oficial,11,Central,Julián Augusto Saldívar,ESCUELA BÁSICA N° 7063 SANTA ROSA DE LIMA,35,45,42,37,37,37,"25º25'37.536""S","57º25'34.602""W"
Oficial,5,Caaguazú,Dr. Cecilio Báez,ESCUELA BÁSICA N° 134 DOCTOR CECILIO BÁEZ,35,30,40,45,34,46,"25º4'1.854""S","56º14'43.812""W"
Oficial,11,Central,Luque,ESCUELA BÁSICA N° 2917 TEODORO SALVADOR MONGELÓS,38,41,39,34,34,44,"25º15'28.839""S","57º28'50.167""W"
Oficial,10,Alto Paraná,Presidente Franco,ESCUELA BÁSICA N° 6709 NUEVA ESPERANZA,39,45,35,48,37,26,"25º32'37.205""S","54º39'24.984""W"
Oficial,5,Caaguazú,Dr. Juan Eulogio Estigarribia,ESCUELA BÁSICA N° 7561 AUGUSTO ROA BASTOS,43,38,43,41,34,31,"25º21'32.539""S","55º41'53.274""W"
Oficial,10,Alto Paraná,Santa Fe del Paraná,ESCUELA BÁSICA N° 1895 REVERENDO PADRE ROMUALDO GRAPILÓN CARTERA,52,34,34,37,40,32,"25º13'26.2""S","54º42'3.743""W"
Oficial,7,Itapúa,Tomás Romero Pereira,ESCUELA BÁSICA N° 2508 ARQ. TOMÁS ROMERO PEREIRA,47,32,42,34,45,29,"26º32'54.218""S","55º14'55.995""W"
Oficial,11,Central,Villa Elisa,ESCUELA BÁSICA N° 3410 SAGRADO CORAZÓN DE JESÚS,41,48,46,25,30,39,"25º22'25.549""S","57º34'34.26""W"
Oficial,1,Concepción,Concepción,ESCUELA BÁSICA N° 7282 SAN ISIDRO LABRADOR,39,42,43,33,42,30,"23º23'11.797""S","57º25'49.309""W"
Oficial,14,Canindeyú,Ypejhú,ESCUELA BÁSICA N° 440 VIRGEN DE FÁTIMA,56,49,29,32,35,27,"23º53'19.87""S","55º26'32.928""W"
Oficial,10,Alto Paraná,Hernandarias,ESCUELA BÁSICA N° 3170 MARÍA AUXILIADORA,53,45,40,23,25,42,"25º24'49.688""S","54º39'7.856""W"
Oficial,11,Central,Villa Elisa,ESCUELA BÁSICA N° 4213 SANTA LIBRADA,37,41,32,42,41,33,"25º22'8.557""S","57º35'37.227""W"
Oficial,10,Alto Paraná,Ciudad del Este,ESCUELA BÁSICA N° 5426 SAN FRANCISCO,36,43,35,41,36,35,"25º32'31.881""S","54º38'14.532""W"
Oficial,11,Central,Ypané,ESCUELA BÁSICA N° 1464 DON VICTORIANO ARROYO,33,39,37,38,39,40,"25º28'53.303""S","57º28'45.652""W"
Oficial,11,Central,Itá,ESCUELA BÁSICA N° 245 PROFESORA AURELIA TORRES,33,46,39,38,39,30,"25º29'57.542""S","57º19'42.323""W"
Oficial,10,Alto Paraná,Presidente Franco,ESCUELA BÁSICA N° 3594 SAN ROQUE GONZÁLEZ DE SANTACRUZ,38,39,40,41,21,46,"25º34'2.075""S","54º36'8.53""W"
Oficial,11,Central,Capiatá,ESCUELA BÁSICA N° 15378 PROFESOR DOCTOR LUIS MARÍA ARGAÑA,51,41,39,38,29,27,"25º24'53.252""S","57º28'6.078""W"
Oficial,3,Cordillera,Tobatí,ESCUELA BÁSICA N° 491 MARÍA AUXILIADORA,34,45,32,46,26,41,"25º15'54.012""S","57º4'41.265""W"
Oficial,11,Central,Limpio,ESCUELA BÁSICA N° 7358 DON HÉCTOR ROQUE DUARTE,44,34,38,36,36,36,25° 12’ 3.68” S,57° 28’ 35.22” W
Oficial,13,Amambay,Pedro Juan Caballero,ESCUELA BÁSICA N° 368 CORONEL JOSÉ MARÍA ARGAÑA,38,40,34,38,33,40,"22º33'15.741""S","55º43'33.382""W"
Oficial,5,Caaguazú,Dr. Juan Eulogio Estigarribia,ESCUELA BÁSICA N° 1655 DOCTOR JOSÉ GASPAR RODRÍGUEZ DE FRANCIA,37,39,35,42,29,41,"25º24'31.924""S","55º29'18.229""W"
Oficial,7,Itapúa,Pirapó,ESCUELA BÁSICA N° 6977 ESPÍRITU SANTO,45,29,24,34,37,54,"26º51'36.181""S","55º32'38.907""W"
Oficial,0,Capital,Asunción,ESCUELA BÁSICA N° 10 JUAN RAMÓN DAHLQUIST,33,34,34,39,36,47,"25º17'7.794""S","57º37'24.177""W"
Oficial,11,Central,Lambaré,ESCUELA BÁSICA N° 7819 OSCAR DANIEL SANTA CRUZ CANTERO,26,34,44,35,35,49,"25º20'47.113""S","57º36'19.152""W"
Oficial,3,Cordillera,Caraguatay,ESCUELA BÁSICA N° 37 COMANDANTE LARA,34,33,45,47,30,31,"25º14'21.478""S","56º49'28.136""W"
Oficial,11,Central,Itauguá,ESCUELA BÁSICA N° 246 MAESTRA MARÍA CONCEPCIÓN LEYES DE CHÁVEZ,38,39,38,34,34,37,"25º23'54.283""S","57º21'5.161""W"
Oficial,13,Amambay,Pedro Juan Caballero,ESCUELA BÁSICA N° 1332 GENERACIÓN DE LA PAZ,41,24,40,36,47,32,"22º33'20.08""S","55º43'10.727""W"
Oficial,11,Central,Itauguá,ESCUELA BÁSICA N° 6660 VECINOS UNIDOS,38,43,45,37,33,24,"25º24'46.615""S","57º23'17.792""W"
Oficial,11,Central,Luque,ESCUELA BÁSICA N° 5579 PRÓCERES DE MAYO,38,29,45,31,40,37,"25º17'16.714""S","57º28'48.053""W"
Oficial,1,Concepción,Loreto,ESCUELA BÁSICA N° 4919 VIRGEN DE FÁTIMA,34,34,41,44,31,35,"23º16'19.32""S","57º19'21.887""W"
Oficial,3,Cordillera,Altos,ESCUELA BÁSICA N° 7054 LUIS ALBERTO DEL PARANÁ,25,47,38,37,32,39,"25º16'14.542""S","57º15'6.832""W"
Oficial,1,Concepción,San Alfredo,ESCUELA BÁSICA N° 1731 SAN ALFREDO,37,48,33,36,31,31,"22º53'10.31""S","57º24'17.896""W"
Oficial,7,Itapúa,Coronel Bogado,ESCUELA BÁSICA N° 700 MARISCAL FRANCISCO SOLANO LÓPEZ,40,42,38,24,35,37,"27º9'47.45""S","56º14'31.038""W"
Oficial,11,Central,Itá,ESCUELA BÁSICA N° 980 PROFESOR JUSTO GERMÁN FRANCO GÓMEZ,31,32,41,33,38,41,"25º28'51.622""S","57º21'42.592""W"
Oficial,11,Central,Ñemby,ESCUELA BÁSICA N° 7156 NUEVA ESPERANZA,40,37,35,36,37,31,"25º22'9.298""S","57º32'24.867""W"
Oficial,11,Central,Ypacaraí,ESCUELA BÁSICA N° 1361 MAESTRA SARAH E. DE BARRIOS,35,37,45,40,28,30,"25º25'48.937""S","57º17'8.528""W"
Oficial,11,Central,Itauguá,ESCUELA BÁSICA N° 2131 VILLA ALTA,36,34,39,40,33,33,"25º22'38.411""S","57º22'59.955""W"
Oficial,8,Misiones,Santa María,ESCUELA BÁSICA N° 135 GENERAL DE DIVISIÓN (S.R.) JUAN ANTONIO CÁCERES,34,33,29,46,39,33,"26º46'59.548""S","56º56'47.043""W"
Oficial,4,Guairá,Independencia,ESCUELA BÁSICA N° 183 VALERIO GODOY,31,45,31,35,35,36,"25º43'7.955""S","56º14'6.723""W"
Oficial,12,Ñeembucú,Pilar,ESCUELA BÁSICA N° 578 DEFENSORES DEL CHACO,34,38,40,34,35,32,"26º52'44.326""S","58º18'5.142""W"
Oficial,10,Alto Paraná,Ciudad del Este,ESCUELA BÁSICA N° 5423 SAN DIONISIO,33,30,44,38,36,32,"25º29'57.559""S","54º38'19.559""W"
Oficial,11,Central,Julián Augusto Saldívar,ESCUELA BÁSICA N° 7437 SAN FRANCISCO,41,23,43,34,35,37,"25º26'29.596""S","57º27'8.126""W"
Oficial,11,Central,Limpio,ESCUELA BÁSICA N° 4717 MARÍA AUXILIADORA,44,36,32,34,33,33,"25º9'49.544""S","57º27'23.28""W"
Oficial,10,Alto Paraná,Ciudad del Este,ESCUELA BÁSICA N° 5440 JUANA VIRGINIA SARUBBI DE BARRETO,46,28,35,46,25,32,"25º30'43.913""S","54º40'45.172""W"
Oficial,4,Guairá,Yataity,ESCUELA BÁSICA N° 53 ROSA NARVAJA,28,35,43,42,36,27,"25º41'25.12""S","56º28'12.895""W"
Oficial,11,Central,Itá,ESCUELA BÁSICA N° 981 PROFESOR  MODESTO VILLALBA GUTIÉRREZ,50,48,21,33,25,34,"25º27'51.834""S","57º21'56.917""W"
Oficial,11,Central,Luque,ESCUELA BÁSICA N° 571 TENIENTE PRIMERO JUAN RIGOBERTO HERREROS BUENO,26,34,36,37,44,33,"25º14'8.659""S","57º26'38.209""W"
Oficial,5,Caaguazú,Yhú,ESCUELA BÁSICA N° 3330 SAN MIGUEL ARCÁNGEL,31,44,29,40,34,32,"25º3'44.719""S","55º55'28.043""W"
Oficial,11,Central,Areguá,ESCUELA BÁSICA N° 3724 SAN ANTONIO DE PADUA,31,25,43,38,37,36,"25º17'35.98""S","57º24'21.43""W"
Oficial,10,Alto Paraná,Minga Guazú,ESCUELA BÁSICA N° 5495 PADRE GUIDO CORONEL,31,41,19,28,46,45,"25º29'14.125""S","54º46'6.88""W"
Oficial,11,Central,Capiatá,ESCUELA BÁSICA N° 6003 LA AMISTAD,37,38,37,38,25,35,"25º23'49.061""S","57º26'15.631""W"
Oficial,10,Alto Paraná,Minga Guazú,ESCUELA BÁSICA N° 2963 SANTA ELENA,30,33,38,39,37,33,"25º33'58.222""S","54º44'46.461""W"
Oficial,11,Central,San Antonio,ESCUELA BÁSICA N° 6569 MARÍA ÁNGELES GARCÍA DE ZÚÑIGA CAMPOS,41,31,34,35,30,39,"25º24'9.398""S","57º33'31.652""W"
Oficial,10,Alto Paraná,Ciudad del Este,ESCUELA BÁSICA N° 1530 GENERAL EUGENIO ALEJANDRINO GARAY,38,43,56,48,0,24,"25º31'10.891""S","54º38'37.532""W"
Oficial,11,Central,Limpio,ESCUELA BÁSICA N° 3681 MONTAÑA ALTA,36,29,37,56,16,35,"25º10'48.576""S","57º28'17.341""W"
Oficial,11,Central,Ñemby,ESCUELA BÁSICA N° 6102 SAN MIGUEL,28,27,34,45,40,35,"25º23'10.413""S","57º33'0.496""W"
Oficial,11,Central,San Lorenzo,ESCUELA BÁSICA N° 4190 SAN JUAN BAUTISTA,41,40,34,34,34,25,"25º18'41.668""S","57º30'51.707""W"
Oficial,11,Central,Ñemby,ESCUELA BÁSICA N° 6652 FÉLIX ROMUALDO TALAVERA GOIBURÚ,29,33,40,35,36,35,"25º22'44.541""S","57º32'50.467""W"
Oficial,10,Alto Paraná,Ciudad del Este,ESCUELA BÁSICA N° 2982 SAN MIGUEL,53,39,18,42,26,29,"25º32'4.687""S","54º36'4.743""W"
Oficial,11,Central,Julián Augusto Saldívar,ESCUELA BÁSICA N° 6206 VIRGEN DE FÁTIMA,29,34,38,37,37,32,"25º25'21.229""S","57º26'36.118""W"
Oficial,11,Central,Guarambaré,ESCUELA BÁSICA N° 6876 GUARAMBARÉ,42,39,37,27,39,23,"25º29'24.154""S","57º26'52.41""W"
Oficial,7,Itapúa,Jesús,ESCUELA BÁSICA N° 614 DOCTOR JOSÉ GASPAR RODRÍGUEZ DE FRANCIA,35,26,40,34,41,31,"27º3'15.458""S","55º44'41.495""W"
Oficial,11,Central,Capiatá,ESCUELA BÁSICA N° 3455 SANTA RITA DE CASIA,27,41,31,37,35,35,"25º22'33.468""S","57º28'14.02""W"
Oficial,10,Alto Paraná,Hernandarias,ESCUELA BÁSICA N° 4653 FULGENCIO YEGROS,42,32,36,29,31,36,"25º22'52.456""S","54º39'18.209""W"
Oficial,10,Alto Paraná,Minga Guazú,ESCUELA BÁSICA N° 5498 DOCTOR MANUEL DOMÍNGUEZ,35,36,35,36,30,34,"25º29'43.947""S","54º44'39.327""W"
Oficial,11,Central,Mariano Roque Alonso,ESCUELA BÁSICA N° 7090 CABO 1° LEONARDO GALEANO,35,29,44,37,29,32,"25º11'42.724""S","57º31'34.285""W"
Oficial,0,Capital,Asunción,ESCUELA BÁSICA N° 215 PROFESOR EMILIO FERREIRA,33,34,30,31,40,37,"25º15'51.145""S","57º35'7.002""W"
Oficial,5,Caaguazú,Yhú,ESCUELA BÁSICA N° 58 DON LUIS ROLANDO MELGAREJO,36,30,35,33,27,43,"25º4'16.818""S","55º58'52.708""W"
Oficial,10,Alto Paraná,Ciudad del Este,ESCUELA BÁSICA N° 7081 VILLARRICA DEL ESPÍRITU SANTO,33,37,34,31,35,34,"25º31'36.912""S","54º39'36.004""W"
Oficial,8,Misiones,San Ignacio,ESCUELA BÁSICA N° 392 SANTO ÁNGEL,29,40,29,35,35,35,"26º53'20.265""S","57º0'52.163""W"
Oficial,11,Central,Capiatá,ESCUELA BÁSICA N° 604 LAURELTY,21,34,42,33,32,41,"25º22'4.741""S","57º24'56.033""W"
Oficial,11,Central,Ñemby,ESCUELA BÁSICA N° 3686 WALTER ZACARÍAS ZARACHO,29,43,38,34,36,23,"25º22'6.097""S","57º33'12.586""W"
Oficial,2,San Pedro,San Pedro del Ycuamandyjú,ESCUELA BÁSICA N° 397 VICENTE IGNACIO ITURBE,35,28,38,44,32,25,"24º5'24.676""S","57º4'52.172""W"
Oficial,11,Central,Lambaré,ESCUELA BÁSICA N° 809 CORONEL PABLO ROJAS,28,36,34,38,33,33,"25º21'34.365""S","57º37'55.811""W"
Oficial,10,Alto Paraná,Itakyry,ESCUELA BÁSICA N° 1904 EMILIANO R. FERNÁNDEZ,42,29,29,31,40,30,"25º5'42.31""S","54º57'46.14""W"